code,station_name,latitude_deg,longitude_deg,mountpoint,ntrip_host,ntrip_port,data_format,constellation,ntrip_zone
BLSA,Bolsa Chica Channel,33.79954405111111,-118.02866778666666,BLSA_RTCM3,132.239.154.4,2105,RTCM 3.1,GPS+GLONASS,6
DESC,Descanso Detention,32.82991911555556,-116.6417891263889,DESC_RTCM3,132.239.152.4,2105,RTCM 3.1,GPS+GLONASS,6
DHLG,Durmid Hill,33.38980347472222,-115.78801702305556,DHLG_RTCM3,132.239.152.4,2105,RTCM 3.1,GPS+GLONASS,6
DSME,Dana Seguin Memorial Encinitas,33.036477956111106,-117.24952639777779,DSME_RTCM3,132.239.152.4,2105,RTCM 3.1,GNSS,6
FVPK,Fairview Park,33.66232776305555,-117.9357050875,FVPK_RTCM3,132.239.152.4,2105,RTCM 3.1,GPS+GLONASS,6
JAS1,Gillespie Field,32.82792050361112,-116.98807292583334,JAS1_RTCM3,132.239.152.4,2105,RTCM 3.1,GNSS,6
KYVW,Keys View,33.92536674972222,-116.17338279083334,KYVW_RTCM3,132.239.152.4,2105,RTCM 3.1,GPS+GLONASS,6
LBRF,Geisel Reference,32.88611962,-117.23028351,LBRF_RTCM3,132.239.152.4,2105,RTCM 3.1,GPS,6
MJPK,Modjeska Peak,33.71448193416667,-117.55046111333333,MJPK_RTCM3,132.239.152.4,2105,RTCM 3.1,GPS+GLONASS,6
MONP,Monument Peak,32.89194057861111,-116.42234106805556,MONP_RTCM3,132.239.152.4,2105,RTCM 3.1,GPS+GLONASS,6
MVFD,Montezuma Valley Fire Dept.,33.21087273416667,-116.52530429722222,MVFD_RTCM3,132.239.152.4,2105,RTCM 3.1,GPS+GLONASS,6
NSSS,Naval Space Surveillance Station,32.57931584083334,-116.97267372694445,NSSS_RTCM3,132.239.152.4,2105,RTCM 3.1,GPS+GLONASS,6
OEOC,Orange Emergency Ops Center,33.765858844444445,-117.74412605277777,OEOC_RTCM3,132.239.152.4,2105,RTCM 3.1,GPS+GLONASS,6
PIN1,Pinyon 1,33.6121551175,-116.458149785,PIN1_RTCM3,132.239.152.4,2105,RTCM 3.1,GNSS,6
PIN2,Pinyon 2,33.61214703722222,-116.457607595,PIN2_RTCM3,132.239.152.4,2105,RTCM 3.1,GPS+GLONASS,6
PMOB,Palomar Observatory,33.35723991583333,-116.85953700194443,PMOB_RTCM3,132.239.152.4,2105,RTCM 3.1,GPS+GLONASS,6
POTR,Potrero Park,32.618411953333336,-116.59085426499999,POTR_RTCM3,132.239.152.4,2105,RTCM 3.1,GNSS,6
RAAP,Ramona Airport,33.04223579861111,-116.91723914388889,RAAP_RTCM3,132.239.152.4,2105,RTCM 3.4,GNSS,6
SACY,Santa Ana Corp. Yard,33.743245908333336,-117.89556868611112,SACY_RTCM3,132.239.152.4,2105,RTCM 3.1,GPS+GLONASS,6
SIO5,Scripps 5 - Mt. Soledad,32.84073532888889,-117.24968046722222,SIO5_RTCM3,132.239.152.4,2105,RTCM 3.1,GPS+GLONASS,6
TRAK,Bommer Canyon,33.617935869166665,-117.80342590472222,TRAK_RTCM3,132.239.152.4,2105,RTCM 3.1,GPS+GLONASS,6
WHYT,Whiting Regional Wilderness Park,33.67449121,-117.643448155,WHYT_RTCM3,132.239.152.4,2105,RTCM 3.1,GPS+GLONASS,6
GLRS,GLRS_SCGN_CS1999,33.274808640277776,-115.52135900583333,GLRS_RTCM3,132.239.152.4,2105,RTCM 3.3,GNSS,6
GMPK,GMPK_SCGN_CS2000,33.051081529166666,-114.82733237666666,GMPK_RTCM3,132.239.152.4,2105,RTCM 3.3,GNSS,6
P066,JacumbaAp_CS2004,32.61652482444445,-116.16977889583333,P066_RTCM3,132.239.152.4,2105,RTCM 3.3,GNSS,6
P471,SanJuanCrkCS2005,33.562125117777775,-117.54085585166666,P471_RTCM3,132.239.152.4,2105,RTCM 3.3,GNSS,6
P472,CampElliotCS2004,32.88920938277778,-117.10468591749999,P472_RTCM3,132.239.152.4,2105,RTCM 3.3,GNSS,6
P473,Jamacha_LFCS2004,32.733776319166665,-116.94950625,P473_RTCM3,132.239.152.4,2105,RTCM 3.3,GNSS,6
P478,ValleyCntrCS2004,33.23571502805556,-117.07158106333333,P478_RTCM3,132.239.152.4,2105,RTCM 3.3,GNSS,6
P480,Vallecito_CS2004,32.97599550583333,-116.3485261475,P480_RTCM3,132.239.152.4,2105,RTCM 3.3,GNSS,6
P482,LakHenshawCS2004,33.240178891111114,-116.67140283972223,P482_RTCM3,132.239.152.4,2105,RTCM 3.3,GPS+GLONASS,6
P483,JulianBin_CS2004,33.05916368888889,-116.56931592222222,P483_RTCM3,132.239.152.4,2105,RTCM 3.3,GNSS,6
P484,SkyOaksBFSCS2005,33.37559180888889,-116.62082775083333,P484_RTCM3,132.239.152.4,2105,RTCM 3.3,GNSS,6
P486,BorregoAirCS2004,33.2601905175,-116.32227591305555,P486_RTCM3,132.239.152.4,2105,RTCM 3.3,GNSS,6
P494,WestsideESCS2005,32.759653103611114,-115.73205581861112,P494_RTCM3,132.239.152.4,2105,RTCM 3.3,GNSS,6
P500,AllAmericnCS2005,32.69004371083333,-115.29991857638889,P500_RTCM3,132.239.152.4,2105,RTCM 3.3,GNSS,6
P509,PansyLaterCS2005,32.890659715,-115.29390384722223,P509_RTCM3,132.239.152.4,2105,RTCM 3.3,GNSS,6
SLMS,SLMS_SCGN_CS1999,33.29222596388889,-115.97783038555556,SLMS_RTCM3,132.239.154.4,2105,RTCM 3.3,GNSS,6
USGC,USGC_SCGN_CS1998,33.03006324111111,-116.08532497361111,USGC_RTCM3,132.239.152.4,2105,RTCM 3.3,GNSS,6
CRRS,CRRS_SCGN_CS1998,33.069806346111115,-115.73503023583334,CRRS_RTCM3,132.239.152.4,2105,RTCM 3.3,GNSS,6
ACSB,AlisoCreekCA2013,33.27426470638889,-117.44487986305556,ACSB_RTCM3,132.239.152.4,2105,RTCM 3.3,GNSS,6
AR27,Area_27_CPCA2013,33.341848301666666,-117.32491944583333,AR27_RTCM3,132.239.152.4,2105,RTCM 3.3,GNSS,6
AR53,Area_53_CPCA2013,33.38113509888889,-117.4764939575,AR53_RTCM3,132.239.152.4,2105,RTCM 3.3,GNSS,6
AZRY,Anza Gravel Exca,33.54007211083333,-116.62968733555554,AZRY_RTCM3,132.239.152.4,2105,RTCM 3.3,GNSS,6
BEMT,BEMT_SCGN_CS2001,34.000530995,-115.99817825972222,BEMT_RTCM3,132.239.152.4,2105,RTCM 3.3,GNSS,6
BILL,Lake Skinner,33.57824334777778,-117.06459078472221,BILL_RTCM3,132.239.152.4,2105,RTCM 3.3,GNSS,6
BLYT,Blythe,33.610411222222226,-114.7148381775,BLYT_RTCM3,132.239.152.4,2105,RTCM 3.3,GNSS,6
BOMG,BOMBAY BEACH,33.36462596944445,-115.72969260666667,BOMG_RTCM3,132.239.152.4,2105,RTCM 3.3,GNSS,6
CACT,Cactus City Comm,33.65513272333333,-115.98993718083334,CACT_RTCM3,132.239.152.4,2105,RTCM 3.3,GNSS,6
CASE,CaseSpgsFSCA2013,33.455350111111116,-117.40397223416667,CASE_RTCM3,132.239.152.4,2105,RTCM 3.3,GNSS,6
CLBD,CarlCannonCA2011,33.135385893333336,-117.31096581944445,CLBD_RTCM3,132.239.152.4,2105,RTCM 3.3,GNSS,6
COAG,Coachella GPS,32.86346109416667,-115.12333313833332,COAG_RTCM3,132.239.152.4,2105,RTCM 3.3,GNSS,6
COKG,Cooks Ranch,32.85051171194445,-115.7284895111111,COKG_RTCM3,132.239.152.4,2105,RTCM 3.3,GNSS,6
DLUZ,DLuzHeightCA2011,33.43058706916666,-117.30720985083333,DLUZ_RTCM3,132.239.152.4,2105,RTCM 3.3,GNSS,6
ELSG,Elsinore 2 GPS,33.64914075222222,-117.42600966138889,ELSG_RTCM3,132.239.152.4,2105,RTCM 3.3,GNSS,6
ERRG,Elmore's Ranch G,33.11644388277778,-115.82272057361111,ERRG_RTCM3,132.239.152.4,2105,RTCM 3.3,GNSS,6
FSHB,Fort Scotty Hub,32.94498727083333,-115.79992997222222,FSHB_RTCM3,132.239.152.4,2105,RTCM 3.3,GNSS,6
HMTG,Diamond Valley R,33.708095703888894,-117.00149114666667,HMTG_RTCM3,132.239.152.4,2105,RTCM 3.3,GNSS,6
IDOG,Indio Hills,33.796795499999995,-116.22150144777778,IDOG_RTCM3,132.239.152.4,2105,RTCM 3.3,GNSS,6
LGWD,LagunaWoodCA2011,33.64059578083333,-117.76443981527778,LGWD_RTCM3,132.239.152.4,2105,RTCM 3.3,GNSS,6
LMHG,Lake Mathews Hil,33.74419979611111,-117.39127275527778,LMHG_RTCM3,132.239.152.4,2105,RTCM 3.3,GNSS,6
MAT2,MAT2_SCGN_CS2000,33.85676069972222,-117.43668901583334,MAT2_RTCM3,132.239.152.4,2105,RTCM 3.3,GNSS,6
MLFP,MLFP_SCGN_CS1998,33.91840357583333,-117.31794834916666,MLFP_RTCM3,132.239.152.4,2105,RTCM 3.3,GNSS,6
MSOB,Mountain Skies Observatory,34.23084304666667,-117.21011443166667,MSOB_RTCM3,132.239.152.4,2105,RTCM 3.3,GNSS,6
MTGG,Mataguay Scout C,33.199162762777775,-116.64721600222222,MTGG_RTCM3,132.239.152.4,2105,RTCM 3.3,GNSS,6
NOCO,Norco College,33.91970873166667,-117.56957113388889,NOCO_RTCM3,132.239.152.4,2105,RTCM 3.3,GNSS,6
OCSD,Oceanside_CA2012,33.24066699638889,-117.34672434333334,OCSD_RTCM3,132.239.152.4,2105,RTCM 3.3,GNSS,6
P474,Fallbrook_CS2004,33.35519300916667,-117.2486823538889,P474_RTCM3,132.239.152.4,2105,RTCM 3.3,GNSS,6
P475,Point_LomaCS2007,32.66639613833333,-117.24392603166667,P475_RTCM3,132.239.152.4,2105,RTCM 3.3,GNSS,6
P479,CowboyCtryCS2005,33.49331712777778,-116.78291978305556,P479_RTCM3,132.239.152.4,2105,RTCM 3.3,GNSS,6
P485,TubbCanyonCS2006,33.21021119638889,-116.4090291913889,P485_RTCM3,132.239.152.4,2105,RTCM 3.3,GNSS,6
P487,Cut_AcrossCS2007,33.213530293055555,-116.1830622225,P487_RTCM3,132.239.152.4,2105,RTCM 3.3,GNSS,6
P491,La_Quinta_CS2005,33.574677086111116,-116.22681300194445,P491_RTCM3,132.239.152.4,2105,RTCM 3.3,GNSS,6
P492,CrzoBadlndCS2007,32.887047171944445,-115.96944047888888,P492_RTCM3,132.239.152.4,2105,RTCM 3.3,GNSS,6
P493,Super_Mtn_CS2007,32.954701623333335,-115.82488044666667,P493_RTCM3,132.239.152.4,2105,RTCM 3.3,GNSS,6
P498,SprecklesSCS2005,32.898429113333336,-115.56955385472222,P498_RTCM3,132.239.152.4,2105,RTCM 3.3,GNSS,6
P499,SDSUCenterCS2005,32.97960330166667,-115.48789920055556,P499_RTCM3,132.239.152.4,2105,RTCM 3.3,GNSS,6
P505,ImperialSpCS2006,33.42387050611111,-115.68698674083333,P505_RTCM3,132.239.152.4,2105,RTCM 3.3,GNSS,6
P508,Angus_PropCS2005,33.247776970277776,-115.428692065,P508_RTCM3,132.239.152.4,2105,RTCM 3.3,GNSS,6
P585,BigMorongoCS2007,34.01934605222222,-116.54573440638889,P585_RTCM3,132.239.152.4,2105,RTCM 3.3,GNSS,6
P599,GammaGulchCS2006,34.21716868888889,-116.53745183666666,P599_RTCM3,132.239.152.4,2105,RTCM 3.3,GNSS,6
P744,ImperialVCCS2007,32.829380433333334,-115.5083931475,P744_RTCM3,132.239.152.4,2105,RTCM 3.3,GNSS,6
P796,SanLuisSW_AZ2010,32.49786898861111,-114.75933501583333,P796_RTCM3,132.239.152.4,2105,RTCM 3.3,GNSS,6
P797,Sagebrush_CA2010,33.537291815833335,-116.59251508166666,P797_RTCM3,132.239.152.4,2105,RTCM 3.3,GNSS,6
POBG,Polly Butte,33.68713132583333,-116.92373646333334,POBG_RTCM3,132.239.152.4,2105,RTCM 3.3,GNSS,6
RKMG,Ramakrishna Mona,33.674125375277775,-117.609417,RKMG_RTCM3,132.239.152.4,2105,RTCM 3.3,GNSS,6
RMVJ,RanchoMissCA2012,33.485810898333334,-117.55531090527778,RMVJ_RTCM3,132.239.152.4,2105,RTCM 3.3,GNSS,6
SGPS,San Gorgonio Pas,33.91253454583333,-116.6956746463889,SGPS_RTCM3,132.239.152.4,2105,RTCM 3.3,GPS+GLONASS,6
SONG,San_OnofreCA2012,33.38074950083333,-117.56025070583333,SONG_RTCM3,132.239.152.4,2105,RTCM 3.3,GNSS,6
THMG,Thermal Canyon,33.65063769555555,-116.07723780777778,THMG_RTCM3,132.239.152.4,2105,RTCM 3.3,GNSS,6
TMAP,Thermal Airport,33.64124363861111,-116.1604494675,TMAP_RTCM3,132.239.152.4,2105,RTCM 3.3,GNSS,6
VTOR,Vista_TwinCA2012,33.22501489666667,-117.19317553861111,VTOR_RTCM3,132.239.152.4,2105,RTCM 3.3,GNSS,6
WIDC,Wide Canyon,33.93475575861111,-116.39177011472223,WIDC_RTCM3,132.239.152.4,2105,RTCM 3.3,GNSS,6
WMDG,Westmoreland GPS,33.038321447777776,-115.58188218472222,WMDG_RTCM3,132.239.152.4,2105,RTCM 3.3,GPS+GLONASS,6
WWMT,Whitewater Mount,33.95531199527778,-116.65384510416668,WWMT_RTCM3,132.239.152.4,2105,RTCM 3.3,GNSS,6
YUHG,Yuha Desert GPS,32.64756519472222,-115.92222267361112,YUHG_RTCM3,132.239.152.4,2105,RTCM 3.3,GNSS,6
CNPP,CNPP_SCGN_CS1999,33.857632494444445,-117.60890993166666,CNPP_RTCM3,132.239.152.4,2105,RTCM 3.3,GNSS,6
ECFS,ECFS_SCGN_CS2001,33.647684410277776,-117.41168512361112,ECFS_RTCM3,132.239.152.4,2105,RTCM 3.3,GNSS,6
HNPS,HNPS_SCGN_CS1999,33.705002435277784,-115.63532272138889,HNPS_RTCM3,132.239.152.4,2105,RTCM 3.3,GNSS,6
IID2,IID2_SCGN_CS1998,32.70616545083334,-115.03178976333334,IID2_RTCM3,132.239.152.4,2105,RTCM 3.3,GNSS,6
P476,SantaMargaCS2005,33.43964912138888,-117.18966692527778,P476_RTCM3,132.239.152.4,2105,RTCM 3.3,GNSS,6
P477,TemeculaVHCS2005,33.50280092333333,-117.11336186305554,P477_RTCM3,132.239.152.4,2105,RTCM 3.3,GNSS,6
P481,CarrizoMtnCS2007,32.82223854666667,-116.0107815175,P481_RTCM3,132.239.152.4,2105,RTCM 3.3,GNSS,6
P490,Toro_Peak_CS2006,33.52346089527778,-116.42589369166667,P490_RTCM3,132.239.152.4,2105,RTCM 3.3,GNSS,6
P495,WestmorlndCS2005,33.04495881361111,-115.62838119666667,P495_RTCM3,132.239.152.4,2105,RTCM 3.3,GNSS,6
P496,McCabe_UESCS2005,32.75062416527778,-115.59594228027777,P496_RTCM3,132.239.152.4,2105,RTCM 3.3,GNSS,6
P497,ImperialApCS2005,32.834733392222226,-115.57701960638889,P497_RTCM3,132.239.152.4,2105,RTCM 3.3,GNSS,6
P501,HoltvilleCCS2005,32.875753251666666,-115.39789889472223,P501_RTCM3,132.239.152.4,2105,RTCM 3.3,GNSS,6
P502,MagnoliaESCS2005,32.98244803194444,-115.42189823972222,P502_RTCM3,132.239.152.4,2105,RTCM 3.3,GNSS,6
P503,SuperHillsCS2007,32.94891355888888,-115.72017048277777,P503_RTCM3,132.239.152.4,2105,RTCM 3.3,GNSS,6
P504,SOrocopiaMCS2005,33.516407296666664,-115.76583454083334,P504_RTCM3,132.239.152.4,2105,RTCM 3.3,GNSS,6
P507,RedIslandMCS2005,33.1999722025,-115.6123926975,P507_RTCM3,132.239.152.4,2105,RTCM 3.3,GNSS,6
P510,ScheuPropsCS2005,33.14357100083333,-115.34331903888888,P510_RTCM3,132.239.152.4,2105,RTCM 3.3,GNSS,6
P511,CoxcombMtnCS2005,33.886931473611114,-115.29608771305556,P511_RTCM3,132.239.152.4,2105,RTCM 3.3,GNSS,6
P584,PotreroCrkCS2004,33.892601955833335,-116.95163012583333,P584_RTCM3,132.239.152.4,2105,RTCM 3.3,GNSS,6
P601,GeologyRd_CS2006,33.95929383166667,-116.08021540611111,P601_RTCM3,132.239.152.4,2105,RTCM 3.3,GNSS,6
P607,CottonSprgCS2006,33.74103659888889,-115.82064008861111,P607_RTCM3,132.239.152.4,2105,RTCM 3.3,GNSS,6
P608,DuplexMineCS2008,33.994080268611114,-115.68659024388889,P608_RTCM3,132.239.152.4,2105,RTCM 3.3,GNSS,6
P740,PathFi082gCS2006,33.59819330916667,-116.59596433861111,P740_RTCM3,132.239.152.4,2105,RTCM 3.3,GNSS,6
P741,SantaR086gCS2006,33.557471944444444,-116.53101003611111,P741_RTCM3,132.239.152.4,2105,RTCM 3.3,GNSS,6
P742,FordRa087gCS2006,33.49554189166667,-116.60256228833333,P742_RTCM3,132.239.152.4,2105,RTCM 3.3,GNSS,6
PPBF,PPBF_SCGN_CS1998,33.83572652527778,-117.182078925,PPBF_RTCM3,132.239.152.4,2105,RTCM 3.3,GPS,6
SBCC,SBCC_SCGN_CS1999,33.553000705833334,-117.66147707722223,SBCC_RTCM3,132.239.152.4,2105,RTCM 3.3,GNSS,6
AERO,San Diego City Field Engineering - Kearny Mesa - Aero Drive,32.807467055,-117.12436838083333,AERO_RTCM3,132.239.152.4,2105,RTCM 3.3,GNSS,6
CBAD,Carlsbad Highway Maintenance Station,33.12131820583333,-117.31756859138889,CBAD_RTCM3,132.239.152.4,2105,RTCM 3.3,GNSS,6
CMPO,Lake Morena Campground,32.68659031638889,-116.52648971111111,CMPO_RTCM3,132.239.152.4,2105,RTCM 3.3,GNSS,6
CMRP,Carmel Mountain Ranch Park,32.96718419166667,-117.09118757388889,CMRP_RTCM3,132.239.152.4,2105,RTCM 3.3,GNSS,6
DIDO,ESCONDIDO MAINTENANCE STATION,33.12885097,-117.11825076999999,DIDO_RTCM3,132.239.152.4,2105,RTCM 3.1,GNSS,6
DMAR,Ocean Air Community Park,32.927693444166664,-117.21688505416667,DMAR_RTCM3,132.239.152.4,2105,RTCM 3.3,GNSS,6
DSCO,INTERSTATE 8 & IMPERIAL VALLEY ROAD INTERCHANGE,32.828813610000005,-116.62471386,DSCO_RTCM3,132.239.152.4,2105,RTCM 3.3,GNSS,6
HOOT,Lake Sutherland Marina,33.10513844277778,-116.78535223027778,HOOT_RTCM3,132.239.152.4,2105,RTCM 3.3,GNSS,6
OBRC,Ocean Beach Rec Center,32.74496089916667,-117.24544744611111,OBRC_RTCM3,132.239.152.4,2105,RTCM 3.3,GNSS,6
OTAY,Otay Mesa Water Treatment Plant,32.60799181,-116.93217526000001,OTAY_RTCM3,132.239.152.4,2105,RTCM 3.3,GNSS,6
OWHQ,Otay Water District HQ,32.72382495277778,-116.96755143916667,OWHQ_RTCM3,132.239.152.4,2105,RTCM 3.3,GNSS,6
POSD,Port of San Diego General Services,32.66755454027778,-117.11663329916666,POSD_RTCM3,132.239.152.4,2105,RTCM 3.3,GPS,6
RBFT,Michael Baker International Temecula,33.52892358,-117.15945949,RBFT_RTCM3,132.239.152.4,2105,RTCM 3.1,GPS,6
SD11,SR 11/Enrico Fermi,32.56480535611111,-116.92816172611111,SD11_RTCM3,132.239.152.4,2105,RTCM 3.1,GPS,6
SNTE,Santee Regional Maintenance Station,32.830611000833336,-116.9708773775,SNTE_RTCM3,132.239.152.4,2105,RTCM 3.3,GPS,6
TEVC,Tijuana Estuary Visitor Center,32.574829802500005,-117.12654171583333,TEVC_RTCM3,132.239.152.4,2105,RTCM 3.3,GPS,6
DSRT,Desert Center Interstate 10 & HWY 177,33.70987009055556,-115.40135712444444,DSRT_RTCM3,132.239.152.4,2105,RTCM 3.1,GNSS,6
WELL,Mesa Verde Interstate 10 & Wiley's Well Road,33.60841254,-114.90248488972223,WELL_RTCM3,132.239.152.4,2105,RTCM 3.1,GNSS,6
AZBH,Bullhead City,35.10749043,-114.60497310999999,AZBH_RTCM3,132.239.152.4,2105,RTCM 3.1,GNSS,6
AZYA,AZYA GILARIDGE RD,32.68945040111111,-114.59746240277778,AZYA_RTCM3,132.239.152.4,2105,RTCM 3.3,GNSS,6
GZKA,GaletzkaMCCA2022,33.26012294555556,-116.37726308527778,GZKA_RTCM3,132.239.152.4,2105,RTCM 3.1,GNSS,6
SCIP,San Clemente Island Peak,32.914428835555555,-118.48792961694444,SCIP_RTCM3,132.239.152.4,2104,RTCM 3.1,GPS+GLONASS,5
7ODM,Seven Oaks Dam,34.11640665111111,-117.09318273916666,7ODM_RTCM3,132.239.152.4,2104,RTCM 3.3,GNSS,5
ALPP,Alamo Power Plant,34.82448994027778,-118.69478861500001,ALPP_RTCM3,132.239.152.4,2104,RTCM 3.3,GNSS,5
ANA1,ANA1_SCGN_CS2002,34.01500678111111,-119.36346070055555,ANA1_RTCM3,132.239.152.4,2104,RTCM 3.3,GNSS,5
ARM2,Arvin Maintenance Yard 2,35.20125760222223,-118.91054667222222,ARM2_RTCM3,132.239.152.4,2104,RTCM 3.3,GPS+GLONASS,5
AZU1,Azusa,34.126018476388886,-117.89647758666668,AZU1_RTCM3,132.239.152.4,2104,RTCM 3.3,GNSS,5
BCWR,Bitter Creek Wil,34.92046149638889,-119.40583913611111,BCWR_RTCM3,132.239.152.4,2104,RTCM 3.3,GNSS,5
BGIS,Bell Gardens Intermediate School,33.96711843166667,-118.15968767472222,BGIS_RTCM3,132.239.152.4,2104,RTCM 3.3,GPS+GLONASS,5
BRAN,Brand Basin,34.18489470555555,-118.27704091416666,BRAN_RTCM3,132.239.152.4,2104,RTCM 3.3,GNSS,5
BUEG,Buellton - FS#31,34.612849061666665,-120.19639574277778,BUEG_RTCM3,132.239.152.4,2104,RTCM 3.3,GNSS,5
CAT2,CAT2_SCGN_CS2000,33.31161793972222,-118.33380726777777,CAT2_RTCM3,132.239.152.4,2104,RTCM 3.3,GPS+GLONASS,5
CAT3,CAT3_SCGN_CS2008,33.445762735277775,-118.48299683972222,CAT3_RTCM3,132.239.152.4,2104,RTCM 3.3,GNSS,5
CBHS,CBHS_SCGN_CS1998,34.13856205222222,-118.62979619833332,CBHS_RTCM3,132.239.152.4,2104,RTCM 3.3,GNSS,5
CHIL,Chilao,34.333422495,-118.02598943972222,CHIL_RTCM3,132.239.152.4,2104,RTCM 3.3,GPS+GLONASS,5
CIRX,CIRX_SCGN_CS2000,34.10955454027778,-118.93728667583333,CIRX_RTCM3,132.239.152.4,2104,RTCM 3.3,GNSS,5
CIT1,Caltech,34.13670878888889,-118.12727589388888,CIT1_RTCM3,132.239.152.4,2104,RTCM 3.3,GNSS,5
CJMG,Cajon Mountain,34.27119368361111,-117.42445087361112,CJMG_RTCM3,132.239.152.4,2104,RTCM 3.3,GNSS,5
CJMS,Cajon Maintenance Station,34.31379837583333,-117.479372215,CJMS_RTCM3,132.239.152.4,2104,RTCM 3.3,GNSS,5
CLAR,Claremont,34.109927991111114,-117.70880016583334,CLAR_RTCM3,132.239.152.4,2104,RTCM 3.3,GPS+GLONASS,5
CMP9,Fire Camp 9,34.35317990861111,-118.4114149538889,CMP9_RTCM3,132.239.152.4,2104,RTCM 3.3,GNSS,5
COPR,COPR_SCGN_CS2001,34.414908655,-119.87951651277777,COPR_RTCM3,132.239.152.4,2104,RTCM 3.3,GNSS,5
COSO,China Lake,35.98234099666667,-117.80887755111111,COSO_RTCM3,132.239.152.4,2104,RTCM 3.3,GNSS,5
CRFP,Crafton Hills Co,34.039051110555555,-117.09967184444444,CRFP_RTCM3,132.239.152.4,2104,RTCM 3.3,GPS+GLONASS,5
CRGG,Crocker Grade,35.24209000138889,-119.72481006583334,CRGG_RTCM3,132.239.152.4,2104,RTCM 3.3,GNSS,5
CSDH,CSU Dominguez,33.8614782775,-118.25670830388889,CSDH_RTCM3,132.239.152.4,2104,RTCM 3.3,GPS+GLONASS,5
CSN1,CSU Northridge,34.25355057416667,-118.52380250777777,CSN1_RTCM3,132.239.152.4,2104,RTCM 3.3,GNSS,5
CTDM,CTDM_SCGN_CS2001,34.51654919972222,-118.61320061055555,CTDM_RTCM3,132.239.152.4,2104,RTCM 3.3,GNSS,5
CUHS,Cuyama Valley Hi,34.942646822777775,-119.67393849611112,CUHS_RTCM3,132.239.152.4,2104,RTCM 3.3,GPS+GLONASS,5
CVHS,Covina H.S.,34.08201115194445,-117.901707805,CVHS_RTCM3,132.239.152.4,2104,RTCM 3.3,GPS+GLONASS,5
DAM2,Pacoima Dam 2,34.3348356375,-118.39685475777779,DAM2_RTCM3,132.239.152.4,2104,RTCM 3.3,GPS+GLONASS,5
ELLY,LongBchBayCA2013,33.58349819944445,-118.12877576833333,ELLY_RTCM3,132.239.152.4,2104,RTCM 3.3,GNSS,5
ELTN,Elizabeth Lake T,34.703116433055555,-118.42571862611112,ELTN_RTCM3,132.239.152.4,2104,RTCM 3.3,GPS+GLONASS,5
FHOG,Forest Home,34.09354500194445,-116.93585670833333,FHOG_RTCM3,132.239.152.4,2104,RTCM 3.3,GNSS,5
FMTP,Fillmore Telepor,34.40986465222222,-118.89413379722222,FMTP_RTCM3,132.239.152.4,2104,RTCM 3.3,GPS+GLONASS,5
FOXG,Fox Airport 2 GP,34.733910632222226,-118.24048707277778,FOXG_RTCM3,132.239.152.4,2104,RTCM 3.3,GNSS,5
FZHS,Frazier Mountain,34.800192672777776,-118.89337003611112,FZHS_RTCM3,132.239.152.4,2104,RTCM 3.3,GNSS,5
GDEC,Goodwin Educatio,35.18941532638888,-119.86367070888889,GDEC_RTCM3,132.239.152.4,2104,RTCM 3.3,GNSS,5
GHRP,Glen Helen Regio,34.203888535555556,-117.39788417861112,GHRP_RTCM3,132.239.152.4,2104,RTCM 3.3,GPS+GLONASS,5
GMAG,Goat Mountain As,34.291431966666664,-116.38255281138888,GMAG_RTCM3,132.239.152.4,2104,RTCM 3.3,GPS+GLONASS,5
GMRC,GMRC_SCGN_CS1999,34.78399377277778,-115.66021605916667,GMRC_RTCM3,132.239.152.4,2104,RTCM 3.3,GNSS,5
GNPS,GNPS_SCGN_CS1999,34.30855249861111,-114.18943695,GNPS_RTCM3,132.239.152.4,2104,RTCM 3.3,GNSS,5
GVRS,Garvey Reservoir,34.047446996388885,-118.11288457444444,GVRS_RTCM3,132.239.152.4,2104,RTCM 3.3,GPS+GLONASS,5
HAR7,Harper Dry Lake,35.011538501666664,-117.29919863666666,HAR7_RTCM3,132.239.152.4,2104,RTCM 3.3,GNSS,5
HBCO,Harbor College,33.78364688,-118.28578565611112,HBCO_RTCM3,132.239.152.4,2104,RTCM 3.3,GPS+GLONASS,5
HOL3,Holcomb Ridge Si,34.45815438416667,-117.8451159761111,HOL3_RTCM3,132.239.152.4,2104,RTCM 3.3,GPS+GLONASS,5
I40A,I40A_SCGN_CS2000,34.72732110611111,-115.9114356138889,I40A_RTCM3,132.239.152.4,2104,RTCM 3.3,GNSS,5
IDQG,Granite Construction Indio,33.76797125527778,-116.23897204000001,IDQG_RTCM3,132.239.152.4,2104,RTCM 3.3,GNSS,5
IMPS,IMPS_SCGN_CS1999,34.157559489166665,-115.1450869588889,IMPS_RTCM3,132.239.152.4,2104,RTCM 3.3,GNSS,5
ISLK,ISLK_SCGN_CS1999,35.662268760277776,-118.47428905611112,ISLK_RTCM3,132.239.152.4,2104,RTCM 3.3,GNSS,5
JNHG,Juniper Hills,34.44906312138889,-117.95542681361111,JNHG_RTCM3,132.239.152.4,2104,RTCM 3.3,GNSS,5
KBRC,KBRC_SCGN_CS2000,34.398528,-119.00818842527778,KBRC_RTCM3,132.239.152.4,2104,RTCM 3.3,GNSS,5
LAPC,LAPC_SCGN_CS1999,34.181922639166665,-118.57464147611111,LAPC_RTCM3,132.239.152.4,2104,RTCM 3.3,GNSS,5
LBC2,Long Beach CC 2,33.79160990305555,-118.17323306916667,LBC2_RTCM3,132.239.152.4,2104,RTCM 3.3,GPS+GLONASS,5
LBCH,Long Beach,33.78777091777778,-118.20333457611112,LBCH_RTCM3,132.239.152.4,2104,RTCM 3.3,GPS+GLONASS,5
LDES,LDES_SCGN_CS1998,34.267337347222224,-116.43279106972223,LDES_RTCM3,132.239.152.4,2104,RTCM 3.3,GNSS,5
LFRS,LFRS_SCGN_CS1998,34.095070785000004,-118.41281617527778,LFRS_RTCM3,132.239.152.4,2104,RTCM 3.3,GNSS,5
LINJ,Lancaster Inject,34.66202101472222,-118.13918959166668,LINJ_RTCM3,132.239.152.4,2104,RTCM 3.3,GNSS,5
LJRN,Lone Juniper Ran,34.80752270833333,-118.86773033833333,LJRN_RTCM3,132.239.152.4,2104,RTCM 3.3,GNSS,5
LL01,Llano Zero 1,34.48545714944444,-117.83494460083332,LL01_RTCM3,132.239.152.4,2104,RTCM 3.3,GPS+GLONASS,5
LLAS,Lake Los Angeles School,34.58597408861112,-117.83792005805554,LLAS_RTCM3,132.239.152.4,2104,RTCM 3.3,GPS+GLONASS,5
LOMP,Lompoc FS #51 GP,34.69092206055555,-120.44657006638889,LOMP_RTCM3,132.239.152.4,2104,RTCM 3.3,GNSS,5
LONG,Longdon Yard,34.11189981333334,-118.003400965,LONG_RTCM3,132.239.152.4,2104,RTCM 3.3,GPS+GLONASS,5
LPCG,Lone Pine Canyon,34.31486265611111,-117.54635254694445,LPCG_RTCM3,132.239.152.4,2104,RTCM 3.3,GPS+GLONASS,5
LPHS,La Puente H.S.,34.02676955583333,-117.95671079916667,LPHS_RTCM3,132.239.152.4,2104,RTCM 3.3,GPS+GLONASS,5
LRRG,Little Rock Rese,34.52705824333333,-118.02997671555555,LRRG_RTCM3,132.239.152.4,2104,RTCM 3.3,GNSS,5
LVMS,Lockwood Valley,34.73360539111111,-119.103676075,LVMS_RTCM3,132.239.152.4,2104,RTCM 3.3,GNSS,5
MHMS,Markham Middle S,33.93905531722222,-118.24412295944444,MHMS_RTCM3,132.239.152.4,2104,RTCM 3.3,GPS+GLONASS,5
MIG1,MIG1_SCGN_CS2000,34.03826089138889,-120.35138257583333,MIG1_RTCM3,132.239.152.4,2104,RTCM 3.3,GNSS,5
MSCG,Mission Creek,34.038499985,-116.64794740805556,MSCG_RTCM3,132.239.152.4,2104,RTCM 3.3,GNSS,5
NDAP,NDAP_SCGN_CS2000,34.767684036388886,-114.61861647416666,NDAP_RTCM3,132.239.152.4,2104,RTCM 3.3,GNSS,5
NOPK,North Park,33.97973682777778,-118.34800229749999,NOPK_RTCM3,132.239.152.4,2104,RTCM 3.3,GNSS,5
P278,ClarkeMtn_CS2004,35.71125314555556,-121.0607444825,P278_RTCM3,132.239.152.4,2104,RTCM 3.3,GNSS,5
P470,BaldyMesa_CS2004,34.46240320666667,-117.393877415,P470_RTCM3,132.239.152.4,2104,RTCM 3.3,GNSS,5
P513,Point_Sal_CS2007,34.90726395972222,-120.65016308666667,P513_RTCM3,132.239.152.4,2104,RTCM 3.3,GNSS,5
P514,Nipomo____CS2006,35.010715614166664,-120.40973964166668,P514_RTCM3,132.239.152.4,2104,RTCM 3.3,GNSS,5
P519,PaintedCavCS2007,34.507811974166664,-119.7924279661111,P519_RTCM3,132.239.152.4,2104,RTCM 3.3,GNSS,5
P523,LosOsos___CS2006,35.30445104277778,-120.86026309472221,P523_RTCM3,132.239.152.4,2104,RTCM 3.3,GNSS,5
P531,Hog_CanyonCS2007,35.792690909166666,-120.53658968361111,P531_RTCM3,132.239.152.4,2104,RTCM 3.3,GNSS,5
P532,WicksRanchCS2004,35.63381167361111,-120.26701587138889,P532_RTCM3,132.239.152.4,2104,RTCM 3.3,GNSS,5
P537,CaliValleyCS2006,35.316795884722225,-119.93532993194445,P537_RTCM3,132.239.152.4,2104,RTCM 3.3,GNSS,5
P538,BitterWatrCS2006,35.53417333,-120.11248867249999,P538_RTCM3,132.239.152.4,2104,RTCM 3.3,GNSS,5
P539,VogelRanchCS2004,35.70267288416667,-120.18203864611111,P539_RTCM3,132.239.152.4,2104,RTCM 3.3,GNSS,5
P541,BlkwllFarmCS2005,35.68673031777777,-120.00066611,P541_RTCM3,132.239.152.4,2104,RTCM 3.3,GNSS,5
P543,Reward____CS2006,35.318991331111114,-119.71320964833333,P543_RTCM3,132.239.152.4,2104,RTCM 3.3,GPS+GLONASS,5
P545,LerdoOvrpsCS2007,35.49984031,-119.53579518,P545_RTCM3,132.239.152.4,2104,RTCM 3.4,GNSS,5
P551,PineMountnCS2006,34.85619813611111,-119.15455946194444,P551_RTCM3,132.239.152.4,2104,RTCM 3.3,GNSS,5
P553,Grapevine_CS2005,34.83509311722222,-118.87895677055555,P553_RTCM3,132.239.152.4,2104,RTCM 3.3,GNSS,5
P555,CastaicCrkCS2008,34.69498984027778,-118.66941206694445,P555_RTCM3,132.239.152.4,2104,RTCM 3.3,GNSS,5
P563,ButtonwillCS2005,35.41866744666667,-119.42115343,P563_RTCM3,132.239.152.4,2104,RTCM 3.3,GNSS,5
P565,Delano_AirCS2005,35.74389162638889,-119.23664059916666,P565_RTCM3,132.239.152.4,2104,RTCM 3.3,GNSS,5
P574,Mt_HarwoodCS2008,34.28676856472222,-117.63387463583334,P574_RTCM3,132.239.152.4,2104,RTCM 3.3,GNSS,5
P575,Cucamonga_CS2008,34.215511697500006,-117.54215035055556,P575_RTCM3,132.239.152.4,2104,RTCM 3.3,GNSS,5
P583,KramerJnctCS2005,34.98700220111111,-117.54338015972222,P583_RTCM3,132.239.152.4,2104,RTCM 3.3,GNSS,5
P591,CalCityAptCS2005,35.152423194166666,-118.01646207,P591_RTCM3,132.239.152.4,2104,RTCM 3.3,GNSS,5
P602,PolonlPassCS2008,35.72916389888889,-120.22788100472222,P602_RTCM3,132.239.152.4,2104,RTCM 3.3,GNSS,5
P609,YucaipaRidCS2006,34.06268507111111,-116.89280603416667,P609_RTCM3,132.239.152.4,2104,RTCM 3.3,GPS+GLONASS,5
P612,CalStateSBCS2005,34.18738085527777,-117.31550615305555,P612_RTCM3,132.239.152.4,2104,RTCM 3.3,GNSS,5
P616,Red_ButtesCS2007,35.4245619275,-117.8933200863889,P616_RTCM3,132.239.152.4,2104,RTCM 3.3,GPS+GLONASS,5
P617,TiefortMtsCS2006,35.320639748333335,-116.57163122861111,P617_RTCM3,132.239.152.4,2104,RTCM 3.3,GNSS,5
P619,SilurianHiCS2008,35.52594443611111,-116.12178932388888,P619_RTCM3,132.239.152.4,2104,RTCM 3.3,GNSS,5
P621,MountPass_CS2005,35.47275666583334,-115.54393661222223,P621_RTCM3,132.239.152.4,2104,RTCM 3.3,GNSS,5
P622,RoundVallyCS2005,35.16298786472222,-115.3658511886111,P622_RTCM3,132.239.152.4,2104,RTCM 3.3,GNSS,5
P623,VidalJunctCS2005,34.188929994166664,-114.59939169333333,P623_RTCM3,132.239.152.4,2104,RTCM 3.3,GNSS,5
P625,CaminoSubsCS2007,34.84443968,-114.96513037638888,P625_RTCM3,132.239.152.4,2104,RTCM 3.3,GNSS,5
P729,Mesa_UnionCS2007,34.26308123638889,-119.09604952194444,P729_RTCM3,132.239.152.4,2104,RTCM 3.3,GNSS,5
P799,LASWCollegCA2011,33.9276480575,-118.30633919361111,P799_RTCM3,132.239.152.4,2104,RTCM 3.3,GNSS,5
P800,DorseyHighCA2011,34.02168973333333,-118.34905750833333,P800_RTCM3,132.239.152.4,2104,RTCM 3.3,GNSS,5
P808,Antelope2_CS2005,34.836018188055554,-118.62144200194444,P808_RTCM3,132.239.152.4,2104,RTCM 3.3,GNSS,5
P809,Delano_PlrCA2013,35.74389757638889,-119.23674226916667,P809_RTCM3,132.239.152.4,2104,RTCM 3.3,GPS+GLONASS,5
P810,Delano_SBMCA2013,35.74395508638889,-119.23670548916667,P810_RTCM3,132.239.152.4,2104,RTCM 3.3,GPS+GLONASS,5
P811,CalCityPlrCA2013,35.152429894166666,-118.0165933,P811_RTCM3,132.239.152.4,2104,RTCM 3.3,GNSS,5
P812,CalCitySBMCA2013,35.152497454166664,-118.01652141,P812_RTCM3,132.239.152.4,2104,RTCM 3.3,GNSS,5
PBPP,PBPP_SCGN_CS2000,34.508225969722226,-117.9225606238889,PBPP_RTCM3,132.239.152.4,2104,RTCM 3.3,GNSS,5
PSDM,Puddingstone Res,34.09176489722223,-117.80708167611111,PSDM_RTCM3,132.239.152.4,2104,RTCM 3.3,GNSS,5
PVE3,Palos Verdes,33.74329750166667,-118.40424651916668,PVE3_RTCM3,132.239.152.4,2104,RTCM 3.3,GNSS,5
PVHS,Peninsula High School,33.77945491361111,-118.37215547666666,PVHS_RTCM3,132.239.152.4,2104,RTCM 3.3,GNSS,5
PVRS,PVRS_SCGN_CS1998,33.773863686388886,-118.32057928388889,PVRS_RTCM3,132.239.152.4,2104,RTCM 3.3,GNSS,5
QHTP,Quartz Hill Treatment Plant,34.62868003416667,-118.24480267555556,QHTP_RTCM3,132.239.152.4,2104,RTCM 3.3,GNSS,5
RHCG,Rose Hills Cemet,34.0009021975,-118.01333985777778,RHCG_RTCM3,132.239.152.4,2104,RTCM 3.3,GNSS,5
ROCK,Rocketdyne,34.23567524888889,-118.67642164277778,ROCK_RTCM3,132.239.152.4,2104,RTCM 3.3,GNSS,5
RTHS,Rialto High Scho,34.08915014138889,-117.35332379805556,RTHS_RTCM3,132.239.152.4,2104,RTCM 3.3,GNSS,5
SILK,Silver Lake Reservior,34.1028622925,-118.26386156277778,SILK_RTCM3,132.239.152.4,2104,RTCM 3.3,GNSS,5
SNOG,Snow Peak,34.03521030111111,-116.80777848055556,SNOG_RTCM3,132.239.152.4,2104,RTCM 3.3,GNSS,5
SOMT,SOMT_SCGN_CS2000,34.31994001638889,-119.06432344527778,SOMT_RTCM3,132.239.152.4,2104,RTCM 3.3,GNSS,5
TABL,Table Mountain,34.381848149722224,-117.67827148777778,TABL_RTCM3,132.239.152.4,2104,RTCM 3.3,GNSS,5
THCP,TCHP_SCGN_CS2000,35.15818083472222,-118.41455938972223,THCP_RTCM3,132.239.152.4,2104,RTCM 3.3,GNSS,5
TORP,Torrance Airport,33.797799014999995,-118.3305945075,TORP_RTCM3,132.239.152.4,2104,RTCM 3.3,GNSS,5
VDCY,VDCY_SCGN_CS2000,34.178565498055555,-118.21999050333334,VDCY_RTCM3,132.239.152.4,2104,RTCM 3.3,GNSS,5
VIMT,VIMT_SCGN_CS2000,34.126448276944444,-118.51440413666667,VIMT_RTCM3,132.239.152.4,2104,RTCM 3.3,GNSS,5
VNCX,VNCX_SCGN_CS1998,34.29319321444444,-118.48453043472222,VNCX_RTCM3,132.239.152.4,2104,RTCM 3.3,GNSS,5
VNDP,Vandenberg,34.55631344833333,-120.61644208527777,VNDP_RTCM3,132.239.152.4,2104,RTCM 3.3,GNSS,5
VNPS,Vincent Pump Sta,34.50148061972222,-118.12114758944443,VNPS_RTCM3,132.239.152.4,2104,RTCM 3.3,GNSS,5
VTIS,Marine Exchange,33.71264090916667,-118.29381408,VTIS_RTCM3,132.239.152.4,2104,RTCM 3.3,GNSS,5
WASG,Alta Sierra GPS,35.73838688666667,-118.55696665138889,WASG_RTCM3,132.239.152.4,2104,RTCM 3.3,GNSS,5
WCHS,West Covina High,34.06189779527777,-117.91110114805556,WCHS_RTCM3,132.239.152.4,2104,RTCM 3.3,GPS+GLONASS,5
WHC1,Whittier College,33.979885321944444,-118.03116001916666,WHC1_RTCM3,132.239.152.4,2104,RTCM 3.3,GNSS,5
WMAP,Whiteman Airport,34.25942441777778,-118.41428173055556,WMAP_RTCM3,132.239.152.4,2104,RTCM 3.3,GNSS,5
WRHS,Westchester High School,33.95815278166667,-118.42759777138889,WRHS_RTCM3,132.239.152.4,2104,RTCM 3.3,GPS+GLONASS,5
BBDM,BBDM_SCGN_CS2000,34.582199593333335,-119.98150452555555,BBDM_RTCM3,132.239.152.4,2104,RTCM 3.3,GNSS,5
BBRY,BBRY_SCGN_CS1998,34.264277245833334,-116.88423018055556,BBRY_RTCM3,132.239.152.4,2104,RTCM 3.3,GPS,5
BKAP,BKAP_SCGN_CS2000,35.287043866666664,-116.08041133361111,BKAP_RTCM3,132.239.152.4,2104,RTCM 3.3,GPS,5
BKMS,BKMS_SCGN_CS1998,33.96225871277778,-118.09468952416667,BKMS_RTCM3,132.239.152.4,2104,RTCM 3.3,GNSS,5
BMHL,BMHL_SCGN_CS1999,34.2514418325,-116.05296507638889,BMHL_RTCM3,132.239.152.4,2104,RTCM 3.3,GPS,5
BSRY,BSRY_SCGN_CS1998,34.918610118888886,-117.01198069638889,BSRY_RTCM3,132.239.152.4,2104,RTCM 3.3,GNSS,5
BVPP,BVPP_SCGN_CS2000,35.15727494194444,-119.34749581749999,BVPP_RTCM3,132.239.152.4,2104,RTCM 3.3,GNSS,5
CCCC,CCCC_SCGN_CS2000,35.565312218611105,-117.67116078305556,CCCC_RTCM3,132.239.152.4,2104,RTCM 3.3,GNSS,5
CDMT,CDMT_SCGN_CS2000,34.829464048333335,-116.33591849138888,CDMT_RTCM3,132.239.152.4,2104,RTCM 3.3,GNSS,5
CPBN,CPBN_SCGN_CS2000,35.07173311638889,-117.57301063722223,CPBN_RTCM3,132.239.152.4,2104,RTCM 3.3,GNSS,5
CRU1,CRU1_SCGN_CS2000,34.02926152138889,-119.7848024375,CRU1_RTCM3,132.239.152.4,2104,RTCM 3.3,GNSS,5
CSCI,CSCI_SCGN_CS2000,34.16840400805555,-119.03897163916666,CSCI_RTCM3,132.239.152.4,2104,RTCM 3.3,GPS,5
CSST,CSST_SCGN_CS2000,34.408090791666666,-119.37124065722222,CSST_RTCM3,132.239.152.4,2104,RTCM 3.3,GNSS,5
EWPP,EWPP_SCGN_CS1999,34.104197965000004,-117.52557522138889,EWPP_RTCM3,132.239.152.4,2104,RTCM 3.3,GPS,5
FMVT,FMVT_SCGN_CS2000,34.35633698666667,-118.88402229083334,FMVT_RTCM3,132.239.152.4,2104,RTCM 3.3,GPS,5
HCMN,HCMN_SCGN_CS1999,34.754770710277775,-116.43006246333334,HCMN_RTCM3,132.239.152.4,2104,RTCM 3.3,GNSS,5
HVYS,HVYS_SCGN_CS2000,34.441231081666665,-119.18753193361111,HVYS_RTCM3,132.239.152.4,2104,RTCM 3.3,GNSS,5
LDSW,LDSW_SCGN_CS1999,34.69942324361111,-116.20912916694445,LDSW_RTCM3,132.239.152.4,2104,RTCM 3.3,GNSS,5
LNMT,LNMT_SCGN_CS2000,35.09019934027778,-116.93963939055556,LNMT_RTCM3,132.239.152.4,2104,RTCM 3.3,GPS,5
LORS,LORS_SCGN_CS1998,34.13332679527778,-117.754060315,LORS_RTCM3,132.239.152.4,2104,RTCM 3.3,GPS,5
MPWD,MPWD_SCGN_CS1998,34.295512251388885,-118.87800731333333,MPWD_RTCM3,132.239.152.4,2104,RTCM 3.3,GPS,5
NHRG,NHRG_SCGN_CS2000,34.49865749111111,-119.14124996111111,NHRG_RTCM3,132.239.152.4,2104,RTCM 3.3,GPS,5
ORES,ORES_SCGN_CS1999,34.73906157138889,-120.27854944611111,ORES_RTCM3,132.239.152.4,2104,RTCM 3.3,GPS,5
ORMT,ORMT_SCGN_CS2000,34.674901728888884,-116.8150796711111,ORMT_RTCM3,132.239.152.4,2104,RTCM 3.3,GPS,5
OVLS,OVLS_SCGN_CS1999,34.327360366388895,-119.14193792277779,OVLS_RTCM3,132.239.152.4,2104,RTCM 3.3,GPS,5
P067,CleggRanchCS2004,35.55175457111111,-121.00295068361112,P067_RTCM3,132.239.152.4,2104,RTCM 3.3,GNSS,5
P279,GulchHouseCN2007,35.79064852861111,-121.06200633416667,P279_RTCM3,132.239.152.4,2104,RTCM 3.3,GPS,5
P280,CamattaCynCS2006,35.54405485416667,-120.34759541194444,P280_RTCM3,132.239.152.4,2104,RTCM 3.3,GPS,5
P295,ChimneyRR_CS2004,35.69707834416666,-120.84237307083333,P295_RTCM3,132.239.152.4,2104,RTCM 3.3,GNSS,5
P515,Tepusquet_CS2006,34.870555073055556,-120.23984132277778,P515_RTCM3,132.239.152.4,2104,RTCM 3.3,GNSS,5
P516,JimJacksonCS2006,35.10620185111111,-120.38338206444445,P516_RTCM3,132.239.152.4,2104,RTCM 3.3,GNSS,5
P518,TrepletMtnCS2008,35.02003392527778,-120.07529698249999,P518_RTCM3,132.239.152.4,2104,RTCM 3.3,GNSS,5
P520,LomaPelonaCS2008,34.63048400666667,-119.61639613277777,P520_RTCM3,132.239.152.4,2104,RTCM 3.3,GNSS,5
P521,McPherson_CS2008,34.88856773083333,-119.81534562416667,P521_RTCM3,132.239.152.4,2104,RTCM 3.3,GPS,5
P525,MorroCreekCS2006,35.42576867388889,-120.80813144444444,P525_RTCM3,132.239.152.4,2104,RTCM 3.3,GPS,5
P536,CarrizoRanCS2006,35.27976793166667,-120.02500979972223,P536_RTCM3,132.239.152.4,2104,RTCM 3.3,GNSS,5
P548,Noon_Peak_CS2008,34.46680659666667,-119.50393501138889,P548_RTCM3,132.239.152.4,2104,RTCM 3.3,GNSS,5
P554,GormanCrk_CS2006,34.79229599666667,-118.84801749333333,P554_RTCM3,132.239.152.4,2104,RTCM 3.3,GPS,5
P556,BarnardProCS2005,34.77110763361111,-118.54544180555555,P556_RTCM3,132.239.152.4,2104,RTCM 3.3,GNSS,5
P557,EaglePerchCS2005,34.94438349333333,-118.65557504666667,P557_RTCM3,132.239.152.4,2104,RTCM 3.3,GNSS,5
P560,StokesPropCS2005,34.8218097775,-118.540855025,P560_RTCM3,132.239.152.4,2104,RTCM 3.3,GPS,5
P564,Posocreek_CS2006,35.62290956555555,-119.34937739277777,P564_RTCM3,132.239.152.4,2104,RTCM 3.3,GNSS,5
P567,RioBravo__CS2005,35.42094437722222,-118.75356463472222,P567_RTCM3,132.239.152.4,2104,RTCM 3.3,GPS,5
P568,AntimonyFlCS2007,35.25430538083334,-118.12650013472222,P568_RTCM3,132.239.152.4,2104,RTCM 3.3,GNSS,5
P570,kelsocreekCS2006,35.66734594722222,-118.2600264925,P570_RTCM3,132.239.152.4,2104,RTCM 3.3,GNSS,5
P577,CdrSpgDam_CS2004,34.30460373333333,-117.31890215888889,P577_RTCM3,132.239.152.4,2104,RTCM 3.3,GPS,5
P578,DavisBenchCS2008,35.694330663611105,-120.23901942111111,P578_RTCM3,132.239.152.4,2104,RTCM 3.3,GPS,5
P579,FremontValCS2006,35.038760915,-118.00575235694444,P579_RTCM3,132.239.152.4,2104,RTCM 3.3,GNSS,5
P580,Straw_PeakCS2007,35.62094439111111,-117.1922113575,P580_RTCM3,132.239.152.4,2104,RTCM 3.3,GPS,5
P581,WoodsPropyCS2005,34.50973772111111,-117.72898994972222,P581_RTCM3,132.239.152.4,2104,RTCM 3.3,GPS,5
P582,El_Mirage_CS2008,34.63425708055556,-117.54884770638888,P582_RTCM3,132.239.152.4,2104,RTCM 3.3,GNSS,5
P589,BlackMtQryCS2005,34.620665207500004,-117.11017747999999,P589_RTCM3,132.239.152.4,2104,RTCM 3.3,GNSS,5
P592,GrassVallyCS2007,35.238549748333334,-117.30321636694444,P592_RTCM3,132.239.152.4,2104,RTCM 3.3,GPS,5
P593,Pyramid_PtCS2007,35.387867497777776,-117.20504605777778,P593_RTCM3,132.239.152.4,2104,RTCM 3.3,GNSS,5
P595,SearlesValCS2005,35.69755459333333,-117.40281546833334,P595_RTCM3,132.239.152.4,2104,RTCM 3.3,GPS,5
P598,Onyx_Peak_CS2007,34.19245997944444,-116.71025514222222,P598_RTCM3,132.239.152.4,2104,RTCM 3.3,GNSS,5
P604,HarvardHilCS2008,34.93682506583333,-116.67144080944445,P604_RTCM3,132.239.152.4,2104,RTCM 3.3,GPS,5
P606,LucerneValCS2005,34.46206206055556,-116.87961192499999,P606_RTCM3,132.239.152.4,2104,RTCM 3.3,GNSS,5
P611,RainboWellCS2006,35.204770002500005,-115.64979809722223,P611_RTCM3,132.239.152.4,2104,RTCM 3.3,GPS,5
P613,KellerPeakCS2007,34.19618798833333,-117.04995091305555,P613_RTCM3,132.239.152.4,2104,RTCM 3.3,GNSS,5
P614,Essex_CTY_CS2007,34.73179015611111,-115.25024925833333,P614_RTCM3,132.239.152.4,2104,RTCM 3.3,GPS,5
P615,PaintdRcksCS2006,35.20460606027778,-116.76289606833333,P615_RTCM3,132.239.152.4,2104,RTCM 3.3,GPS,5
P618,CSUDertStdCS2005,35.14188603666667,-116.10391877277777,P618_RTCM3,132.239.152.4,2104,RTCM 3.3,GNSS,5
P620,AlexnderhlCS2008,35.78536060111111,-116.14490637166668,P620_RTCM3,132.239.152.4,2104,RTCM 3.3,GNSS,5
PKRD,PKRD_SCGN_CS2000,34.071560231388894,-118.23289463361111,PKRD_RTCM3,132.239.152.4,2104,RTCM 3.3,GNSS,5
RAMT,RAMT_SCGN_CS2000,35.33871356527778,-117.68333697472222,RAMT_RTCM3,132.239.152.4,2104,RTCM 3.3,GPS,5
RCA2,RCA2_SCGN_CS2000,34.499981985,-119.71998763777778,RCA2_RTCM3,132.239.152.4,2104,RTCM 3.3,GNSS,5
RDMT,RDMT_SCGN_CS1999,34.64393812388889,-116.62467433388888,RDMT_RTCM3,132.239.152.4,2104,RTCM 3.3,GNSS,5
RHCL,RHCL_SCGN_CS1998,34.01905105694444,-118.02616076194444,RHCL_RTCM3,132.239.152.4,2104,RTCM 3.3,GNSS,5
RSTP,RSTP_SCGN_CS1999,34.87507972,-118.19291341805555,RSTP_RTCM3,132.239.152.4,2104,RTCM 3.3,GPS,5
RSVY,RSVY_SCGN_CS2000,34.54147631194444,-119.18442494472222,RSVY_RTCM3,132.239.152.4,2104,RTCM 3.3,GNSS,5
SCIA,SCIA_SCGN_CS1999,34.607445259722226,-117.3882893038889,SCIA_RTCM3,132.239.152.4,2104,RTCM 3.3,GPS,5
SDHL,SDHL_SCGN_CS2001,34.25500844555555,-116.27888485388888,SDHL_RTCM3,132.239.152.4,2104,RTCM 3.3,GPS,5
SKYB,SKYB_SCGN_CS1999,34.43862363833333,-118.478619585,SKYB_RTCM3,132.239.152.4,2104,RTCM 3.3,GNSS,5
SPMS,SPMS_SCGN_CS1998,33.99265422416667,-117.84876569111111,SPMS_RTCM3,132.239.152.4,2104,RTCM 3.3,GNSS,5
SRS1,SRS1_SCGN_CS2000,34.004337623611114,-120.06521208666666,SRS1_RTCM3,132.239.152.4,2104,RTCM 3.3,GPS,5
TJRN,TJRN_SCGN_CS2000,34.48347562527778,-120.13255401833332,TJRN_RTCM3,132.239.152.4,2104,RTCM 3.3,GPS,5
TOST,TOST_SCGN_CS1999,34.24795675055556,-118.8366553886111,TOST_RTCM3,132.239.152.4,2104,RTCM 3.3,GNSS,5
WKPK,WKPK_SCGN_CS1999,34.56849850444445,-118.74150759527778,WKPK_RTCM3,132.239.152.4,2104,RTCM 3.3,GNSS,5
WOMT,WOMT_SCGN_CS1999,34.66901216583333,-116.93165348444445,WOMT_RTCM3,132.239.152.4,2104,RTCM 3.3,GPS,5
BADL,Moreno Valley HWY 60,33.93527294416666,-117.11359670388889,BADL_RTCM3,132.239.152.4,2104,RTCM 3.4,GPS,5
BFLD,Bakersfield Main,35.41308236083333,-119.04531680805556,BFLD_RTCM3,132.239.152.4,2104,RTCM 3.4,GNSS,5
BFSH,Bodfish Maintena,35.59112055111111,-118.49794691916667,BFSH_RTCM3,132.239.152.4,2104,RTCM 3.4,GNSS,5
DLNO,Delano Maintenan,35.74999445694444,-119.24308479694444,DLNO_RTCM3,132.239.152.4,2104,RTCM 3.4,GNSS,5
P544,TwisselmanCS2005,35.73126601361111,-119.73802202083334,P544_RTCM3,132.239.152.4,2104,RTCM 3.3,GNSS,5
SHN5,SHANDON REST ARE,35.67424325138889,-120.34704590222222,SHN5_RTCM3,132.239.152.4,2104,RTCM 3.4,GNSS,5
SHP5,SAN LUIS OBISPO,35.268633308055556,-120.67126944416667,SHP5_RTCM3,132.239.152.4,2104,RTCM 3.4,GNSS,5
SIMM,San Luis Obispo,35.35111191055556,-119.99779257694445,SIMM_RTCM3,132.239.152.4,2104,RTCM 3.4,GNSS,5
TAFT,Taft Maintenance,35.15654382277778,-119.4851561611111,TAFT_RTCM3,132.239.152.4,2104,RTCM 3.4,GNSS,5
TEHA,Tehachapi Mainte,35.143057523888885,-118.46978132472222,TEHA_RTCM3,132.239.152.4,2104,RTCM 3.4,GNSS,5
MRRY,"Murray Farms,HWY58,General Beale",35.293525289166666,-118.75253481222222,MRRY_RTCM3,132.239.152.4,2104,RTCM 3.4,GNSS,5
ORC5,"HWYS 1&135 IntChg,S of Orcutt",34.80207357916667,-120.44305773305555,ORC5_RTCM3,132.239.152.4,2104,RTCM 3.4,GNSS,5
SBR5,"HWY 1 & HWY 101 IntChg,Las Cruces",34.51055635611111,-120.22726728111111,SBR5_RTCM3,132.239.152.4,2104,RTCM 3.4,GNSS,5
FNT8,FONTANA MAINTENANCE STATION,34.12904824833333,-117.49964242,FNT8_RTCM3,132.239.152.4,2104,RTCM 3.4,GNSS,5
CRNA,HWY 71 AND HWY 91 INTERCHANGE,33.88428781,-117.63496171000001,CRNA_RTCM3,132.239.152.4,2104,RTCM 3.4,GNSS,5
LEBC,"LEBEC REST AREA, NB I5",34.825177530000005,-118.87193242999999,LEBC_RTCM3,132.239.152.4,2104,RTCM 3.4,GNSS,5
CRBT,CRBT_SCGN_CN2001,35.791612701111106,-120.75074454861111,CRBT_RTCM3,132.239.152.4,2104,RTCM 3.3,GNSS,5
Q160,AqueductMP160.5_Q160 CA2024,36.151531640555554,-120.04885608722222,Q160_RTCM3,132.239.152.4,2104,RTCM 3.4,GNSS,5
Q189,AQUDUCT189CA2023,35.7866136575,-119.86481500305555,Q189_RTCM3,132.239.152.4,2104,RTCM 3.4,GNSS,5
Q204,AQUDUCT204CA2023,35.63003860861111,-119.70490572777778,Q204_RTCM3,132.239.152.4,2104,RTCM 3.4,GNSS,5
Q208,AQUDUCT208CA2023,35.58188770916667,-119.67749463194446,Q208_RTCM3,132.239.152.4,2104,RTCM 3.4,GNSS,5
TULA,TULARE_CA2024,36.13075752,-119.31278231055555,TULA_RTCM3,132.239.152.4,2104,RTCM 3.4,GNSS,5
HWPP,HerbertPPCA2024,36.209896175000004,-119.19987468611112,HWPP_RTCM3,132.239.152.4,2104,RTCM 3.4,GNSS,5
Q143,AqueductMP143_CA2024,36.32565803138889,-120.22671603555555,Q143_RTCM3,132.239.152.4,2104,RTCM 3.4,GNSS,5
TLBN,TuleTrustCA2024,35.93467317361111,-119.40708677444445,TLBN_RTCM3,132.239.152.4,2104,RTCM 3.4,GNSS,5
HANF,HANFRESERVECA2025,36.215195784722226,-119.65905514861112,HANF_RTCM3,132.239.152.4,2104,RTCM 3.4,GNSS,5
Q174,AqueductMP174.0R_Q174 CA2025,35.99394753222222,-119.9609156238889,Q174_RTCM3,132.239.152.4,2104,RTCM 3.4,GNSS,5
Q213,AqueductMP213.0L_Q213 CA2025,35.513606091944446,-119.65160829055556,Q213_RTCM3,132.239.152.4,2104,RTCM 3.4,GNSS,5
Q247,AqueductMP247.1L_CA2025,35.21056827777778,-119.35591872444444,Q247_RTCM3,132.239.152.4,2104,RTCM 3.4,GNSS,5
Q264,AqueductMP264.5R_CA2025,35.07448322277778,-119.23114390027779,Q264_RTCM3,132.239.152.4,2104,RTCM 3.4,GNSS,5
Q274,AqueductMP274.6R_CA2025,35.042939921388886,-119.06431334805555,Q274_RTCM3,132.239.152.4,2104,RTCM 3.4,GNSS,5
Q102,AqueductMP102.8R_CA2025,36.750184178611114,-120.65700117527778,Q102_RTCM3,132.239.152.4,2104,RTCM 3.4,GNSS,5
Q122,AqueductMP122.1R_CA2025,36.553236293055555,-120.44073322722222,Q122_RTCM3,132.239.152.4,2104,RTCM 3.4,GNSS,5
Q164,AqueductMP164.3L_CA2025,36.10112034694445,-120.0591335275,Q164_RTCM3,132.239.152.4,2104,RTCM 3.4,GNSS,5
F098,MP098FriantCA2026,36.050905105,-119.09746787583333,F098_RTCM3,132.239.152.4,2104,RTCM 3.4,GNSS,5
F103,MP103FriantCA2026,35.96368351472223,-119.10639039499999,F103_RTCM3,132.239.152.4,2104,RTCM 3.4,GNSS,5
F112,MP112FriantCA2026,35.85683815388889,-119.16146237277778,F112_RTCM3,132.239.152.4,2104,RTCM 3.4,GNSS,5
Q279,AqueductMP279.1L_CA2026,,,Q279_RTCM3,132.239.152.4,2104,RTCM 3.4,GNSS,5
Q290,AqueductMP290.2L_CA2026,,,Q290_RTCM3,132.239.152.4,2104,RTCM 3.4,GNSS,5
P091,Hunter_MtnCS2007,36.61432061916667,-117.53152795,P091_RTCM3,132.239.152.4,2103,RTCM 3.3,GNSS,3-4
P093,HaystackHiCS2007,36.606021931111115,-117.99413151916667,P093_RTCM3,132.239.152.4,2103,RTCM 3.3,GNSS,3-4
P171,SantaLuciaCN2004,36.4855258575,-121.79250884388888,P171_RTCM3,132.239.152.4,2103,RTCM 3.3,GNSS,3-4
P172,PostRanch_CN2008,36.22807594583333,-121.76723502583333,P172_RTCM3,132.239.152.4,2103,RTCM 3.3,GNSS,3-4
P175,RosasCyn__CN2006,36.42590383194444,-121.13484748944445,P175_RTCM3,132.239.152.4,2103,RTCM 3.3,GNSS,3-4
P176,MillsCreekCN2007,37.47177333194445,-122.35712905722221,P176_RTCM3,132.239.152.4,2103,RTCM 3.3,GNSS,3-4
P178,SanMateoCCCN2007,37.5345194325,-122.33235313305555,P178_RTCM3,132.239.152.4,2103,RTCM 3.3,GNSS,3-4
P180,JuanFiestaCN2007,36.292833655277775,-121.40322887166667,P180_RTCM3,132.239.152.4,2103,RTCM 3.3,GNSS,3-4
P181,MillerKnoxCN2005,37.91454513888889,-122.3767439436111,P181_RTCM3,132.239.152.4,2103,RTCM 3.3,GNSS,3-4
P213,LenihanDamCN2005,37.20171308666667,-121.99082563055556,P213_RTCM3,132.239.152.4,2103,RTCM 3.3,GNSS,3-4
P217,LacrosseDrCN2005,37.10449690166667,-121.65062117000001,P217_RTCM3,132.239.152.4,2103,RTCM 3.3,GNSS,3-4
P221,SanAntonioCN2007,37.33695235222223,-122.0990381361111,P221_RTCM3,132.239.152.4,2103,RTCM 3.3,GNSS,3-4
P222,CoyotHillsCN2004,37.539239583055554,-122.0832526275,P222_RTCM3,132.239.152.4,2103,RTCM 3.3,GNSS,3-4
P223,ChabotParkCN2007,37.722053110833336,-122.09976685055555,P223_RTCM3,132.239.152.4,2103,RTCM 3.3,GNSS,3-4
P224,SibleyVolcCN2005,37.86389562861111,-122.21904776361112,P224_RTCM3,132.239.152.4,2103,RTCM 3.3,GNSS,3-4
P226,ReidHillVWCN2006,37.33677552916667,-121.82557400444443,P226_RTCM3,132.239.152.4,2103,RTCM 3.3,GNSS,3-4
P227,SunolWildrCN2006,37.53297284833333,-121.78958474222222,P227_RTCM3,132.239.152.4,2103,RTCM 3.3,GNSS,3-4
P228,DelValle__CN2005,37.60183398611111,-121.686923715,P228_RTCM3,132.239.152.4,2103,RTCM 3.3,GNSS,3-4
P229,BishopRnchCN2005,37.749433959444445,-121.97794381694445,P229_RTCM3,132.239.152.4,2103,RTCM 3.3,GNSS,3-4
P230,MorganTrtyCN2005,37.81896229416667,-121.7863867111111,P230_RTCM3,132.239.152.4,2103,RTCM 3.3,GNSS,3-4
P231,HopkinsStnCN2006,36.62167803222222,-121.90540013777779,P231_RTCM3,132.239.152.4,2103,RTCM 3.3,GNSS,3-4
P232,BengardRchCN2007,36.72402114333334,-121.57903144916666,P232_RTCM3,132.239.152.4,2103,RTCM 3.3,GNSS,3-4
P235,SJBautistaCN2007,36.81427308027777,-121.5415308825,P235_RTCM3,132.239.152.4,2103,RTCM 3.3,GNSS,3-4
P244,PachecoCrkCN2005,37.01082175388889,-121.35450426472222,P244_RTCM3,132.239.152.4,2103,RTCM 3.4,GNSS,3-4
P247,SpencerRchCN2006,36.55951903861111,-121.18842290250001,P247_RTCM3,132.239.152.4,2103,RTCM 3.3,GNSS,3-4
P248,BlkDiamondCN2007,37.97560632361111,-121.86868430138888,P248_RTCM3,132.239.152.4,2103,RTCM 3.3,GNSS,3-4
P250,SparlinRchCN2007,36.950033206388895,-121.26842537055555,P250_RTCM3,132.239.152.4,2103,RTCM 3.3,GNSS,3-4
P252,QuintoCrk_CN2005,37.16955332361111,-121.05771635888888,P252_RTCM3,132.239.152.4,2103,RTCM 3.4,GNSS,3-4
P255,ArkansaCrkCN2006,37.581882590000006,-121.32484002805555,P255_RTCM3,132.239.152.4,2103,RTCM 3.4,GNSS,3-4
P258,DiabloGranCN2007,37.38538681083333,-121.28325913222223,P258_RTCM3,132.239.152.4,2103,RTCM 3.3,GNSS,3-4
P262,Waterbird_CN2005,38.025147095277774,-122.09613110416666,P262_RTCM3,132.239.152.4,2103,RTCM 3.3,GNSS,3-4
P273,Kettleman_CN2005,38.115809775,-121.38806488611112,P273_RTCM3,132.239.152.4,2103,RTCM 3.4,GNSS,3-4
P285,BuckRidge_CN2006,36.417177869999996,-120.98146875,P285_RTCM3,132.239.152.4,2103,RTCM 3.3,GNSS,3-4
P286,BabiesGch_CN2007,36.51590682083334,-120.85304328027777,P286_RTCM3,132.239.152.4,2103,RTCM 3.3,GNSS,3-4
P297,SAFOD_GPS_CN2005,35.97408582472222,-120.5518474011111,P297_RTCM3,132.239.152.4,2103,RTCM 3.3,GNSS,3-4
P298,CedarCyn__CN2005,36.01584061111111,-120.29404633055556,P298_RTCM3,132.239.152.4,2103,RTCM 3.3,GNSS,3-4
P300,HarrisRnchCN2004,36.30442547111111,-120.276967365,P300_RTCM3,132.239.152.4,2103,RTCM 3.3,GNSS,3-4
P302,PanocheCrkCN2004,36.63472535333333,-120.6185623075,P302_RTCM3,132.239.152.4,2103,RTCM 3.3,GNSS,3-4
P305,Planada___CN2005,37.3522117925,-120.19674593222223,P305_RTCM3,132.239.152.4,2103,RTCM 3.3,GNSS,3-4
P306,WildcatCrkCN2006,37.79516472388889,-120.64444557027778,P306_RTCM3,132.239.152.4,2103,RTCM 3.3,GNSS,3-4
P309,Calaveras_CN2005,38.089987937500005,-120.95122461083334,P309_RTCM3,132.239.152.4,2103,RTCM 3.3,GNSS,3-4
P462,GoldValleyCS2006,36.07131286527778,-116.62869456944443,P462_RTCM3,132.239.152.4,2103,RTCM 3.3,GNSS,3-4
P464,PanamintVQCS2006,36.159041575833335,-117.40998753111111,P464_RTCM3,132.239.152.4,2103,RTCM 3.3,GPS+GLONASS,3-4
P466,CerroGordoCS2007,36.531245849166666,-117.78944773833334,P466_RTCM3,132.239.152.4,2103,RTCM 3.3,GNSS,3-4
P467,AlabamaHilCS2006,36.570199109722225,-118.09061024527777,P467_RTCM3,132.239.152.4,2103,RTCM 3.3,GNSS,3-4
P512,YosWawona_CN2008,37.562632646111105,-119.69443397305555,P512_RTCM3,132.239.152.4,2103,RTCM 3.3,GNSS,3-4
P534,CookePeak_CN2007,37.06123264666667,-122.23760019888888,P534_RTCM3,132.239.152.4,2103,RTCM 3.3,GNSS,3-4
P566,Visalia_MYCS2005,36.324452228333335,-119.22927456583334,P566_RTCM3,132.239.152.4,2103,RTCM 3.3,GNSS,3-4
P572,ShadequartCS2006,36.58551359222223,-118.9545830713889,P572_RTCM3,132.239.152.4,2103,RTCM 3.3,GNSS,3-4
P627,QueenVallyNV2006,37.97309803888889,-118.37851077388888,P627_RTCM3,132.239.152.4,2103,RTCM 3.3,GNSS,3-4
P630,OldMammothCS2006,37.61303362333334,-119.00042879888889,P630_RTCM3,132.239.152.4,2103,RTCM 3.3,GNSS,3-4
P632,JuneLake__CS2006,37.785662360277776,-119.0860613036111,P632_RTCM3,132.239.152.4,2103,RTCM 3.3,GNSS,3-4
P633,MonoDomesNCS2008,37.91345775972222,-119.03297385722222,P633_RTCM3,132.239.152.4,2103,RTCM 3.3,GNSS,3-4
P634,Deer_MountCS2007,37.69658958916666,-119.02576676388888,P634_RTCM3,132.239.152.4,2103,RTCM 3.3,GNSS,3-4
P636,LogCabinRFCS2007,37.96276871388889,-119.14669320222222,P636_RTCM3,132.239.152.4,2103,RTCM 3.3,GNSS,3-4
P637,PumiceVallCS2008,37.91410317722222,-119.08368474999999,P637_RTCM3,132.239.152.4,2103,RTCM 3.3,GNSS,3-4
P639,FumaroleVaCS2006,37.654559587777776,-118.8686948036111,P639_RTCM3,132.239.152.4,2103,RTCM 3.3,GNSS,3-4
P640,Mono_MillsCS2006,37.89173601,-118.9603940413889,P640_RTCM3,132.239.152.4,2103,RTCM 3.3,GNSS,3-4
P642,McGeeMountCS2006,37.59136391611111,-118.81665657694444,P642_RTCM3,132.239.152.4,2103,RTCM 3.3,GNSS,3-4
P647,OHarrelCynCS2008,37.754359001944444,-118.76769205027777,P647_RTCM3,132.239.152.4,2103,RTCM 3.3,GNSS,3-4
P648,CraterMarkCS2006,37.80001335861111,-119.01919910888888,P648_RTCM3,132.239.152.4,2103,RTCM 3.3,GNSS,3-4
P649,GraniteMtnCS2006,37.90345376277778,-118.73621570611111,P649_RTCM3,132.239.152.4,2103,RTCM 3.3,GNSS,3-4
P651,ChalfantVaCS2006,37.56310638805555,-118.38696902361112,P651_RTCM3,132.239.152.4,2103,RTCM 3.3,GNSS,3-4
P654,ConwayRoadCS2008,38.05793205472222,-119.15017599527778,P654_RTCM3,132.239.152.4,2103,RTCM 3.3,GNSS,3-4
SHOS,SHOS_BRGN_CS1999,35.97134168416667,-116.29897116666666,SHOS_RTCM3,132.239.152.4,2103,RTCM 3.3,GNSS,3-4
SLAC,SLAC_BARD_CN2002,37.41651795194444,-122.20425244527777,SLAC_RTCM3,132.239.152.4,2103,RTCM 3.3,GNSS,3-4
PEA1,PchTreRch1CA2016,36.18690487666667,-120.75858226888889,PEA1_RTCM3,132.239.152.4,2103,RTCM 3.3,GNSS,3-4
PEA2,PeachTreRch2CA2016,36.18053146833333,-120.76683050888889,PEA2_RTCM3,132.239.152.4,2103,RTCM 3.3,GNSS,3-4
BEPK,BEPK_SCGN_CS2000,35.878385899722225,-118.07408136361111,BEPK_RTCM3,132.239.152.4,2103,RTCM 3.3,GPS,3-4
GR8R,GR8R_BARD_CN2008,36.39901315388889,-120.41571801666667,GR8R_RTCM3,132.239.152.4,2103,RTCM 3.3,GPS,3-4
MUSB,MUSB_BARD_CN1997,37.16993864277777,-119.30933790888889,MUSB_RTCM3,132.239.152.4,2103,RTCM 3.3,GNSS,3-4
P056,PotervilleCS2005,36.02743538194444,-119.06285843583333,P056_RTCM3,132.239.152.4,2103,RTCM 3.3,GNSS,3-4
P092,White__TopCS2006,36.80419076027778,-117.4067886513889,P092_RTCM3,132.239.152.4,2103,RTCM 3.3,GNSS,3-4
P094,LastChanceCS2006,37.20083233611111,-117.70418062361111,P094_RTCM3,132.239.152.4,2103,RTCM 3.3,GPS,3-4
P173,FortHunterCN2008,35.94571800861111,-121.29032407305556,P173_RTCM3,132.239.152.4,2103,RTCM 3.3,GNSS,3-4
P174,LlanoGrandCN2007,36.302152799999995,-121.0508891675,P174_RTCM3,132.239.152.4,2103,RTCM 3.3,GNSS,3-4
P177,CoDeTierraCN2008,37.52816870861111,-122.49504122777778,P177_RTCM3,132.239.152.4,2103,RTCM 3.3,GNSS,3-4
P193,PointReyesCN2007,38.12293781666667,-122.90813016722223,P193_RTCM3,132.239.152.4,2103,RTCM 3.3,GNSS,3-4
P194,WalkerCrk_CN2007,38.1857166275,-122.81624584111111,P194_RTCM3,132.239.152.4,2103,RTCM 3.3,GNSS,3-4
P210,ElkhrnSlghCN2005,36.816138538888886,-121.73183220027778,P210_RTCM3,132.239.152.4,2103,RTCM 3.3,GNSS,3-4
P211,LewisRdLflCN2007,36.87917677833333,-121.69802780916667,P211_RTCM3,132.239.152.4,2103,RTCM 3.3,GNSS,3-4
P212,LarkinVly_CN2006,36.96201142666667,-121.86272340166666,P212_RTCM3,132.239.152.4,2103,RTCM 3.3,GNSS,3-4
P214,CorralitosCN2007,37.001020653333335,-121.79655829944444,P214_RTCM3,132.239.152.4,2103,RTCM 3.3,GNSS,3-4
P216,MtMadonna_CN2007,37.0024262025,-121.7261966075,P216_RTCM3,132.239.152.4,2103,RTCM 3.3,GPS,3-4
P219,LaHondaCrkCN2008,37.34249074111111,-122.28481014583333,P219_RTCM3,132.239.152.4,2103,RTCM 3.3,GPS,3-4
P220,RussianRdgCN2007,37.32988798166667,-122.2142733375,P220_RTCM3,132.239.152.4,2103,RTCM 3.3,GNSS,3-4
P225,CullCanyonCN2005,37.713864854722225,-122.05831594694445,P225_RTCM3,132.239.152.4,2103,RTCM 3.3,GNSS,3-4
P233,Hollister_CN2006,36.800426152499995,-121.42027240861111,P233_RTCM3,132.239.152.4,2103,RTCM 3.3,GNSS,3-4
P234,LasAromitaCN2006,36.858526903611114,-121.59121554583332,P234_RTCM3,132.239.152.4,2103,RTCM 3.3,GPS,3-4
P237,MountOlds-CN2007,36.6370247525,-121.38681988277779,P237_RTCM3,132.239.152.4,2103,RTCM 3.3,GNSS,3-4
P239,UvasCrk___CN2008,36.96246173777778,-121.54777573527778,P239_RTCM3,132.239.152.4,2103,RTCM 3.3,GPS,3-4
P240,MillerSlghCN2005,37.00780644305556,-121.54202164499999,P240_RTCM3,132.239.152.4,2103,RTCM 3.3,GPS,3-4
P241,RodeoFlat_CN2007,37.21300926166667,-121.57424728444444,P241_RTCM3,132.239.152.4,2103,RTCM 3.3,GNSS,3-4
P242,FrazierAirCN2004,36.95393140555556,-121.4631718163889,P242_RTCM3,132.239.152.4,2103,RTCM 3.3,GNSS,3-4
P243,HollisterECN2007,36.91818689916666,-121.33513988972221,P243_RTCM3,132.239.152.4,2103,RTCM 3.3,GPS,3-4
P245,YOSTurtleDCN2008,37.71311373444445,-119.70610863472223,P245_RTCM3,132.239.152.4,2103,RTCM 3.3,GNSS,3-4
P253,ValpeRidgeCN2007,37.478447861944446,-121.6529969813889,P253_RTCM3,132.239.152.4,2103,RTCM 3.3,GPS,3-4
P256,FallmanPrpCN2005,37.931962014999996,-121.60482646944443,P256_RTCM3,132.239.152.4,2103,RTCM 3.3,GNSS,3-4
P257,TomPainSlgCN2005,37.75528837722222,-121.46402226916668,P257_RTCM3,132.239.152.4,2103,RTCM 3.3,GPS,3-4
P277,PigeonPt__CN2007,37.19237377583333,-122.36687290333333,P277_RTCM3,132.239.152.4,2103,RTCM 3.3,GNSS,3-4
P282,GoldHill__CN2004,35.837807875833334,-120.34520184555555,P282_RTCM3,132.239.152.4,2103,RTCM 3.3,GPS,3-4
P283,StonCorralCN2004,35.80666854972222,-120.28524388972222,P283_RTCM3,132.239.152.4,2103,RTCM 3.3,GNSS,3-4
P284,AvilaRanchCN2005,35.93326141222222,-120.90683413944446,P284_RTCM3,132.239.152.4,2103,RTCM 3.3,GNSS,3-4
P287,EmeryRanchCN2005,36.02483609222222,-120.6978215525,P287_RTCM3,132.239.152.4,2103,RTCM 3.3,GNSS,3-4
P288,MooneyCyn_CN2006,36.14020783861111,-120.87889151472221,P288_RTCM3,132.239.152.4,2103,RTCM 3.3,GNSS,3-4
P289,Peachtree_CN2007,36.10684282222223,-120.74880591750001,P289_RTCM3,132.239.152.4,2103,RTCM 3.3,GNSS,3-4
P290,MustangRdgCN2006,36.17893719305555,-120.72823959472223,P290_RTCM3,132.239.152.4,2103,RTCM 3.3,GPS,3-4
P294,AlcaldeHilCN2006,36.12323463361111,-120.43986933916668,P294_RTCM3,132.239.152.4,2103,RTCM 3.3,GNSS,3-4
P301,LilPanocheCN2004,36.80628909694444,-120.74304018222222,P301_RTCM3,132.239.152.4,2103,RTCM 3.3,GPS,3-4
P303,LosBanos__CN2005,37.05438108888889,-120.70528294638889,P303_RTCM3,132.239.152.4,2103,RTCM 3.3,GNSS,3-4
P304,Mendota___CN2004,36.73900208305556,-120.35658617249999,P304_RTCM3,132.239.152.4,2103,RTCM 3.3,GPS,3-4
P307,MaderaDOT_CN2005,36.947268017499994,-120.05790733722222,P307_RTCM3,132.239.152.4,2103,RTCM 3.3,GPS,3-4
P311,Hunchback_CS2008,37.17756018055555,-118.51978825027777,P311_RTCM3,132.239.152.4,2103,RTCM 3.3,GPS,3-4
P463,Ballarat__CS2007,36.022461973333336,-117.16465931750001,P463_RTCM3,132.239.152.4,2103,RTCM 3.3,GNSS,3-4
P465,HorseshoeMCS2007,36.46683125916667,-118.13242046944444,P465_RTCM3,132.239.152.4,2103,RTCM 3.3,GNSS,3-4
P468,MazourkaPkCS2006,36.975679085833335,-118.11834963861111,P468_RTCM3,132.239.152.4,2103,RTCM 3.3,GNSS,3-4
P540,AvenalRidgCS2006,35.80127788666666,-120.13062385916666,P540_RTCM3,132.239.152.4,2103,RTCM 3.3,GNSS,3-4
P546,FlattopPk_CS2006,35.92790238888889,-120.15487175805556,P546_RTCM3,132.239.152.4,2103,RTCM 3.3,GPS,3-4
P547,UticaCaltnCS2005,35.934701909999994,-119.90934828361112,P547_RTCM3,132.239.152.4,2103,RTCM 3.3,GPS,3-4
P594,CrowCanyonCS2005,35.89670667055555,-117.39011878500001,P594_RTCM3,132.239.152.4,2103,RTCM 3.3,GNSS,3-4
P596,QueenShebaCS2007,35.998174131944445,-116.88950886777778,P596_RTCM3,132.239.152.4,2103,RTCM 3.3,GNSS,3-4
P629,MtTom_LookCS2008,37.37586398388889,-119.17935952611111,P629_RTCM3,132.239.152.4,2103,RTCM 3.3,GPS,3-4
P641,SagehenMdwCS2008,37.87818675416667,-118.85190587944444,P641_RTCM3,132.239.152.4,2103,RTCM 3.3,GNSS,3-4
P644,WheelrRidgCS2007,37.495389305277776,-118.68438919,P644_RTCM3,132.239.152.4,2103,RTCM 3.3,GPS,3-4
P646,FossilTiltCS2006,37.6770318675,-118.81997362305555,P646_RTCM3,132.239.152.4,2103,RTCM 3.3,GNSS,3-4
P650,AntelopeMtCS2006,37.891273695,-118.5548866125,P650_RTCM3,132.239.152.4,2103,RTCM 3.3,GNSS,3-4
P652,BarcroftObCS2007,37.589154776111116,-118.23843787416666,P652_RTCM3,132.239.152.4,2103,RTCM 3.3,GPS,3-4
P653,BlindSprinCS2006,37.737496755555554,-118.47164630055556,P653_RTCM3,132.239.152.4,2103,RTCM 3.3,GNSS,3-4
P725,SJExpRangeCN2006,37.088892756111115,-119.74559315083333,P725_RTCM3,132.239.152.4,2103,RTCM 3.3,GNSS,3-4
P727,CoyoteWarpCS2007,37.27357593111111,-118.46675957000001,P727_RTCM3,132.239.152.4,2103,RTCM 3.3,GPS,3-4
P787,SJGrad058gCN2008,36.79947686722222,-121.58082103111111,P787_RTCM3,132.239.152.4,2103,RTCM 3.3,GPS,3-4
S300,S300_BARD_CN1998,37.66650526027777,-121.55825539305555,S300_RTCM3,132.239.152.4,2103,RTCM 3.3,GPS,3-4
WIN2,WIN2_BARD_CN2008,37.6526512625,-122.14061701305556,WIN2_RTCM3,132.239.152.4,2103,RTCM 3.3,GPS,3-4
CAP5,"Carpinteria, CA - HWY 101 & via Real Interchange",34.4077006675,-119.54910477472222,CAP5_RTCM3,132.239.152.4,2103,RTCM 3.4,GNSS,3-4
KDCB,"Woodlake, CA - HWY 245 & Curtis Drive",36.38351589111111,-119.09055737888889,KDCB_RTCM3,132.239.152.4,2103,RTCM 3.4,GNSS,3-4
PORT,Porterville Maintenance Station,36.04133391361111,-119.01691264833333,PORT_RTCM3,132.239.152.4,2103,RTCM 3.4,GNSS,3-4
ATVL,ANGLES CAMP MAINTENANCE STATION,38.08055389611111,-120.5580335486111,ATVL_RTCM3,132.239.152.4,2103,RTCM 3.4,GNSS,3-4
MDPN,MIDPINES MAINTENANCE STATION,37.56108479333333,-119.93438905305555,MDPN_RTCM3,132.239.152.4,2103,RTCM 3.4,GNSS,3-4
CHTH,GLEASON BEACH,38.38410179444445,-123.08162371333333,CHTH_RTCM3,132.239.152.4,2103,RTCM 3.4,GNSS,3-4
B405,"CALTRANS MTC - WESTMINSTER, CA (I405/HWY22 INTERCHANGE)",33.77338158611111,-118.04229953027777,B405_RTCM3,132.239.152.4,2103,RTCM 3.4,GNSS,3-4
OLNA,OLANCHA MAINTENANCE STATION,36.318791295277784,-118.02839935222222,OLNA_RTCM3,132.239.152.4,2103,RTCM 3.4,GNSS,3-4
ALTH,Althea--Bureau o,36.88960400805556,-120.66974848027779,ALTH_RTCM3,132.239.152.4,2103,RTCM 3.4,GNSS,3-4
CAM5,"Cambria,MTC HWY46&HWY1 Int.",35.52926230888889,-121.04289274388888,CAM5_RTCM3,132.239.152.4,2103,RTCM 3.4,GNSS,3-4
CHOW,Chowchilla HWY 9,37.08484911888889,-120.21049509611112,CHOW_RTCM3,132.239.152.4,2103,RTCM 3.4,GNSS,3-4
CRCN,Corcoran RW High,36.11398440055556,-119.56802058333334,CRCN_RTCM3,132.239.152.4,2103,RTCM 3.4,GNSS,3-4
DOND,Don D. Coarsegol,37.264251871666666,-119.69011173527778,DOND_RTCM3,132.239.152.4,2103,RTCM 3.4,GNSS,3-4
DONO,Don O.--Pinehurs,36.69249445166666,-119.01796306777777,DONO_RTCM3,132.239.152.4,2103,RTCM 3.4,GNSS,3-4
DREW,Kettleman City Maintenance Station,36.00584739055556,-119.9583529213889,DREW_RTCM3,132.239.152.4,2103,RTCM 3.4,GNSS,3-4
GRN5,"Thorne/HWY101,Greenfield,Monterey",36.340449777500005,-121.25523841472223,GRN5_RTCM3,132.239.152.4,2103,RTCM 3.4,GNSS,3-4
JLN5,Jolon Rd at High,35.873175315833336,-120.83289108027778,JLN5_RTCM3,132.239.152.4,2103,RTCM 3.4,GNSS,3-4
KDEK,Lindsay - Lindmore St. & RD 216,36.19566029972222,-119.09100248305555,KDEK_RTCM3,132.239.152.4,2103,RTCM 3.4,GNSS,3-4
KDL1,Near HWY198&6th East oF Hanford,36.31963017888889,-119.55647046666667,KDL1_RTCM3,132.239.152.4,2103,RTCM 3.4,GNSS,3-4
KDL2,Hanford - 10th Ave & Kansas Ave.,36.21864160166667,-119.64162842,KDL2_RTCM3,132.239.152.4,2103,RTCM 3.4,GNSS,3-4
KEBL,Pleaston - Interstate 680 & Sonol Boulevard,37.594698485,-121.8707992761111,KEBL_RTCM3,132.239.152.4,2103,RTCM 3.4,GNSS,3-4
LEMA,Lemoore Maintena,36.292023326388886,-119.78237575611111,LEMA_RTCM3,132.239.152.4,2103,RTCM 3.4,GNSS,3-4
MRCD,HWY 140&E Santa Fe Ave Merced,37.295924585555554,-120.43888926777778,MRCD_RTCM3,132.239.152.4,2103,RTCM 3.4,GNSS,3-4
MTWK,HWYS 99&120 IntChg - Manteca,37.778003481111114,-121.18452702388889,MTWK_RTCM3,132.239.152.4,2103,RTCM 3.4,GNSS,3-4
MULN,RW HWY 145 on Mc,36.56508248833333,-120.09159733499999,MULN_RTCM3,132.239.152.4,2103,RTCM 3.4,GNSS,3-4
RAPT,Reedley Airport,36.66492032944444,-119.44869151805555,RAPT_RTCM3,132.239.152.4,2103,RTCM 3.4,GNSS,3-4
RBRU,Ryan Brunetti Ca,36.75912399944445,-119.82865422972222,RBRU_RTCM3,132.239.152.4,2103,RTCM 3.4,GNSS,3-4
SJB5,"HWY 101&156 IntChg,SanJuanBautista",36.86135801166667,-121.57972018638888,SJB5_RTCM3,132.239.152.4,2103,RTCM 3.4,GNSS,3-4
SLN5,Salinas Maintenance Yard,36.66704429638889,-121.63321155638889,SLN5_RTCM3,132.239.152.4,2103,RTCM 3.4,GNSS,3-4
TRLK,TURLOCK REST ARE,37.46664053166667,-120.82863546138888,TRLK_RTCM3,132.239.152.4,2103,RTCM 3.4,GNSS,3-4
VINZ,Grapevine Canyon,34.96239157138889,-118.93899534222223,VINZ_RTCM3,132.239.152.4,2103,RTCM 3.4,GNSS,3-4
PGRV,PINE GROVE MAINTENANCE STATION,38.41475349472222,-120.66361353111111,PGRV_RTCM3,132.239.152.4,2103,RTCM 3.4,GNSS,3-4
PDLR,PEDDLER HILL MAINTENANCE STATION,38.58294458638889,-120.25422133833334,PDLR_RTCM3,132.239.152.4,2103,RTCM 3.4,GNSS,3-4
EIDE,INTERSTATE 80 & ALLISON DRIVE INTERCHANGE,38.36024871,-121.97026423,EIDE_RTCM3,132.239.152.4,2103,RTCM 3.4,GNSS,3-4
CARH,CARH_SCGN_CN2001,35.88838504416667,-120.43081113416667,CARH_RTCM3,132.239.152.4,2103,RTCM 3.1,GPS+GLONASS,3-4
HUNT,HUNT_SCGN_CN2001,35.880810850555555,-120.40237109916667,HUNT_RTCM3,132.239.152.4,2103,RTCM 3.1,GPS+GLONASS,3-4
TBLP,TBLP_SCGN_CN2001,35.917409811388886,-120.36032415722222,TBLP_RTCM3,132.239.152.4,2103,RTCM 3.1,GPS+GLONASS,3-4
CAND,CAND_SCGN_CN1999,35.939351259999995,-120.43368433250001,CAND_RTCM3,132.239.152.4,2103,RTCM 3.1,GNSS,3-4
CMBB,Columbia College,38.03417394277778,-120.38602765083334,CMBB_RTCM3,132.239.152.4,2103,RTCM 3.1,GPS+GLONASS,3-4
DIAB,Mt. Diablo,37.87857370027778,-121.91561543361112,DIAB_RTCM3,132.239.152.4,2103,RTCM 3.1,GPS+GLONASS,3-4
DUBP,Dublin,37.72762209166667,-121.85512333499999,DUBP_RTCM3,132.239.152.4,2103,RTCM 3.1,GPS,3-4
EBMD,East Bay MUD Hea,37.81500805194444,-122.28379400777777,EBMD_RTCM3,132.239.152.4,2103,RTCM 3.1,GPS+GLONASS,3-4
HOGS,HOGS_SCGN_CN2001,35.86671598388889,-120.47948649444444,HOGS_RTCM3,132.239.152.4,2103,RTCM 3.1,GPS,3-4
LAND,LAND_SCGN_CN1999,35.89979188972222,-120.47327409694445,LAND_RTCM3,132.239.152.4,2103,RTCM 3.1,GPS,3-4
LOWS,LOWS_SCGN_CN2001,35.82871082444445,-120.59427497888889,LOWS_RTCM3,132.239.152.4,2103,RTCM 3.1,GPS,3-4
LUTZ,Lutz,37.28685172972222,-121.86521501277777,LUTZ_RTCM3,132.239.152.4,2103,RTCM 3.1,GPS+GLONASS,3-4
MASW,MASW_SCGN_CN2001,35.83259801166667,-120.4430497463889,MASW_RTCM3,132.239.152.4,2103,RTCM 3.1,GPS,3-4
MRSH,"Barinaga Ranch, Marshall",38.155457569444444,-122.8686939,MRSH_RTCM3,132.239.152.4,2103,RTCM 3.1,GPS+GLONASS,3-4
MIDA,MIDA_SCGN_CN1993,35.921910875277774,-120.45881782361111,MIDA_RTCM3,132.239.152.4,2103,RTCM 3.1,GPS,3-4
MILP,Milpitas - Starb,37.449039651666666,-121.83406848694445,MILP_RTCM3,132.239.152.4,2103,RTCM 3.1,GPS+GLONASS,3-4
MNMC,MNMC_SCGN_CN2001,35.96947026805556,-120.43403954722223,MNMC_RTCM3,132.239.152.4,2103,RTCM 3.1,GPS,3-4
OHLN,Ohlone Park,38.006252215,-122.27297693083334,OHLN_RTCM3,132.239.152.4,2103,RTCM 3.1,GPS+GLONASS,3-4
OXMT,Ox Mountain,37.499364310000004,-122.42430590277779,OXMT_RTCM3,132.239.152.4,2103,RTCM 3.1,GPS+GLONASS,3-4
POMM,POMM_SCGN_CN1993,35.91991178861111,-120.47842590194445,POMM_RTCM3,132.239.152.4,2103,RTCM 3.1,GPS,3-4
RNCH,RNCH_SCGN_CN2001,35.89999565777778,-120.52481639194444,RNCH_RTCM3,132.239.152.4,2103,RTCM 3.1,GPS,3-4
ROCP,Rocky Ridge,37.816416087777775,-122.06293273222222,ROCP_RTCM3,132.239.152.4,2103,RTCM 3.1,GNSS,3-4
SAOB,San Andreas Geop,36.76530556,-121.44717570472223,SAOB_RTCM3,132.239.152.4,2103,RTCM 3.1,GPS+GLONASS,3-4
SCCP,Stonebrae Countr,37.651843811388886,-122.00205193916666,SCCP_RTCM3,132.239.152.4,2103,RTCM 3.1,GPS,3-4
SVIN,St Vincents,38.033179563055555,-122.52630777777777,SVIN_RTCM3,132.239.152.4,2103,RTCM 3.1,GPS+GLONASS,3-4
SWEP,Sweeney Ridge,37.61168443638889,-122.45768560194445,SWEP_RTCM3,132.239.152.4,2103,RTCM 3.1,GPS,3-4
T3RP,Mt Tamalpais Mid,37.92788932222222,-122.58824438083333,T3RP_RTCM3,132.239.152.4,2103,RTCM 3.1,GPS,3-4
TIBB,Tiburon Peninsul,37.890875621666666,-122.44759124194445,TIBB_RTCM3,132.239.152.4,2103,RTCM 3.1,GPS+GLONASS,3-4
TRCP,TamaranchoCS2010,37.99742386027778,-122.61584510888888,TRCP_RTCM3,132.239.152.4,2103,RTCM 3.1,GPS+GLONASS,3-4
UCSF,UC San Francisco,37.762968343888886,-122.45813902361111,UCSF_RTCM3,132.239.152.4,2103,RTCM 3.1,GPS+GLONASS,3-4
BRI2,Briones Reservoir,37.91946826333333,-122.15251052611112,BRI2_RTCM3,132.239.152.4,2103,RTCM 3.1,GPS+GLONASS,3-4
CROW,Crows Landing,37.4330175375,-121.10056685944444,CROW_RTCM3,132.239.152.4,2103,RTCM 3.1,GPS+GLONASS,3-4
CYTE,Coyote Creek,37.203514213333335,-121.71394878916666,CYTE_RTCM3,132.239.152.4,2103,RTCM 3.1,GPS+GLONASS,3-4
FARI,Farallon Islands,37.697261974166665,-123.000711625,FARI_RTCM3,132.239.152.4,2103,RTCM 3.1,GPS+GLONASS,3-4
FLNT,FlintHills,36.849079743055555,-121.45275682277779,FLNT_RTCM3,132.239.152.4,2103,RTCM 3.1,GPS+GLONASS,3-4
HELP,Rademacher Prope,36.68014802333333,-119.02280176,HELP_RTCM3,132.239.152.4,2103,RTCM 3.1,GPS+GLONASS,3-4
LNDC,Lindcove,36.359954728611115,-119.05789287861111,LNDC_RTCM3,132.239.152.4,2103,RTCM 3.1,GPS+GLONASS,3-4
MHLD,Marin Headland,37.842322673333335,-122.49432220972223,MHLD_RTCM3,132.239.152.4,2103,RTCM 3.1,GPS+GLONASS,3-4
MOUM,Mount Umunhum,37.158408387777776,-121.90344769277779,MOUM_RTCM3,132.239.152.4,2103,RTCM 3.1,GPS+GLONASS,3-4
MTPK,Monument Peak,37.48532698444445,-121.8668532561111,MTPK_RTCM3,132.239.152.4,2103,RTCM 3.1,GPS+GLONASS,3-4
PKDG,"Bear Valley Ranch, Parkfield",35.94524012583333,-120.54154888888888,PKDG_RTCM3,132.239.152.4,2103,RTCM 3.1,GPS+GLONASS,3-4
PTRL,Point Reyes Lighthouse,37.99617958416667,-123.01871044888888,PTRL_RTCM3,132.239.152.4,2103,RTCM 3.1,GPS+GLONASS,3-4
RDGM,Ridgemark,36.81144807027778,-121.3479375036111,RDGM_RTCM3,132.239.152.4,2103,RTCM 3.1,GPS+GLONASS,3-4
SARG,Sargent Creek,36.90354495388889,-121.55444970888888,SARG_RTCM3,132.239.152.4,2103,RTCM 3.1,GPS+GLONASS,3-4
SBRU,San Bruno,37.6864503125,-122.41083089694445,SBRU_RTCM3,132.239.152.4,2103,RTCM 3.1,GPS+GLONASS,3-4
SRB2,Seismic Replacement Building,37.87438275472222,-122.26703102472221,SRB2_RTCM3,132.239.152.4,2103,RTCM 3.1,GPS+GLONASS,3-4
MHC2,Mount Hamilton,37.34153105222222,-121.64256587694445,MHC2_RTCM3,132.239.152.4,2103,RTCM 3.1,GPS+GLONASS,3-4
Q198,AqueductMP198.5L_CA2025,35.692287541666666,-119.7669412661111,Q198_RTCM3,132.239.152.4,2104,RTCM 3.4,GNSS,5
CWD1,CWD_CA2025,37.0097909575,-120.34924266805555,CWD1_RTCM3,132.239.152.4,2104,RTCM 3.4,GNSS,3-4
MDCO,Madera_CA2025,36.84932586388889,-120.16433559722223,MDCO_RTCM3,132.239.152.4,2104,RTCM 3.4,GNSS,3-4
DIXN,DixonCity_CA2012,38.46871299694445,-121.82862832805556,DIXN_RTCM3,132.239.152.4,2102,RTCM 3.3,GNSS,1-2
HCRO,HCRO_BARD_CN2005,40.815914297499994,-121.46988473805555,HCRO_RTCM3,132.239.152.4,2102,RTCM 3.3,GNSS,1-2
P058,HumboldtStCN2005,40.87630485388889,-124.07535320527778,P058_RTCM3,132.239.152.4,2102,RTCM 3.3,GNSS,1-2
P059,PointArenaCN2006,38.92834790777778,-123.72618644972222,P059_RTCM3,132.239.152.4,2102,RTCM 3.3,GNSS,1-2
P134,MinersRidgNV2006,38.980872394722226,-118.93039952833334,P134_RTCM3,132.239.152.4,2102,RTCM 3.3,GNSS,1-2
P139,PaiuteCyn_NV2006,39.908195965,-119.72243771583334,P139_RTCM3,132.239.152.4,2102,RTCM 3.3,GNSS,1-2
P140,SlateMtn__CN2006,38.82923234527778,-120.69318106972223,P140_RTCM3,132.239.152.4,2102,RTCM 3.3,GNSS,1-2
P142,voltairecnnv2008,39.123530206666665,-119.81070375388889,P142_RTCM3,132.239.152.4,2102,RTCM 3.3,GNSS,1-2
P143,IndianCrk_CN2007,38.760163990833334,-119.76482295666666,P143_RTCM3,132.239.152.4,2102,RTCM 3.3,GNSS,1-2
P144,PliocenRdgCN2007,39.466701086111115,-120.89297233611111,P144_RTCM3,132.239.152.4,2102,RTCM 3.3,GPS,1-2
P146,SignalPeakCN2006,39.337460899444444,-120.53728637416667,P146_RTCM3,132.239.152.4,2102,RTCM 3.3,GNSS,1-2
P147,DixieMtn__CN2007,39.93738341833333,-120.2843997563889,P147_RTCM3,132.239.152.4,2102,RTCM 3.3,GNSS,1-2
P149,BabbittPk_CN2008,39.60212694611111,-120.10496131111111,P149_RTCM3,132.239.152.4,2102,RTCM 3.3,GNSS,1-2
P150,MartisPeakCN2008,39.29237742055555,-120.03384010472222,P150_RTCM3,132.239.152.4,2102,RTCM 3.3,GNSS,1-2
P154,IshkeshRchCN2007,41.8070802225,-123.36003451027777,P154_RTCM3,132.239.152.4,2102,RTCM 3.3,GNSS,1-2
P157,GordaTwo__CN2006,40.24754812472222,-124.3080613286111,P157_RTCM3,132.239.152.4,2102,RTCM 3.3,GNSS,1-2
P158,MonumntRdgCN2004,40.4224904,-124.10719273722222,P158_RTCM3,132.239.152.4,2102,RTCM 3.3,GNSS,1-2
P159,BearRvrRdgCN2006,40.50478742361111,-124.28276577722222,P159_RTCM3,132.239.152.4,2102,RTCM 3.3,GNSS,1-2
P160,RohnerAir_CN2005,40.55125151472222,-124.133255065,P160_RTCM3,132.239.152.4,2102,RTCM 3.3,GNSS,1-2
P162,RedwoodsCCCN2004,40.69109425305555,-124.23701976527778,P162_RTCM3,132.239.152.4,2102,RTCM 3.3,GPS+GLONASS,1-2
P163,PringleRdgCN2006,40.21957163416667,-124.05727670777777,P163_RTCM3,132.239.152.4,2102,RTCM 3.3,GNSS,1-2
P165,BurghRanchCN2006,40.24554795861111,-123.85325077916666,P165_RTCM3,132.239.152.4,2102,RTCM 3.3,GNSS,1-2
P166,ChalkMtn__CN2005,40.435182157777774,-123.86281324472222,P166_RTCM3,132.239.152.4,2102,RTCM 3.3,GNSS,1-2
P167,BaldJesse_CN2005,40.54370311416667,-123.88016179305555,P167_RTCM3,132.239.152.4,2102,RTCM 3.3,GNSS,1-2
P168,IaquaButteCN2005,40.66863621638888,-123.88144405722221,P168_RTCM3,132.239.152.4,2102,RTCM 3.3,GPS+GLONASS,1-2
P169,FickleHillCN2004,40.79114360222222,-123.96763632222222,P169_RTCM3,132.239.152.4,2102,RTCM 3.3,GNSS,1-2
P170,BALDMTN___CN2004,40.880230849166665,-123.86326538638889,P170_RTCM3,132.239.152.4,2102,RTCM 3.3,GNSS,1-2
P179,IllinoisAPOR2007,42.098969510833335,-123.68555523027779,P179_RTCM3,132.239.152.4,2102,RTCM 3.3,GNSS,1-2
P182,MeyersGradCN2006,38.4950158025,-123.18123425611111,P182_RTCM3,132.239.152.4,2102,RTCM 3.3,GNSS,1-2
P183,BodegaHeadCN2006,38.31366432777777,-123.06887616249999,P183_RTCM3,132.239.152.4,2102,RTCM 3.3,GNSS,1-2
P185,LilRvrAir_CN2006,39.261304278333334,-123.74932461916667,P185_RTCM3,132.239.152.4,2102,RTCM 3.3,GNSS,1-2
P187,ThreeChop_CN2005,39.352477298055554,-123.60253010833333,P187_RTCM3,132.239.152.4,2102,RTCM 3.3,GNSS,1-2
P190,UkiahNorthCN2005,39.24195427111111,-123.20403553583334,P190_RTCM3,132.239.152.4,2102,RTCM 3.3,GNSS,1-2
P191,SiskiyouRCOR2007,42.275353340555554,-123.63224711944444,P191_RTCM3,132.239.152.4,2102,RTCM 3.3,GNSS,1-2
P192,PotrVlySchCN2005,39.31972653916667,-123.10517682444444,P192_RTCM3,132.239.152.4,2102,RTCM 3.3,GNSS,1-2
P196,MeachumLflCN2006,38.298143796944444,-122.74262977888888,P196_RTCM3,132.239.152.4,2102,RTCM 3.3,GNSS,1-2
P197,SantaRosa_CN2005,38.42856129083333,-122.7673738625,P197_RTCM3,132.239.152.4,2102,RTCM 3.3,GNSS,1-2
P198,PetalumAirCN2004,38.259874288333336,-122.60743833194444,P198_RTCM3,132.239.152.4,2102,RTCM 3.3,GNSS,1-2
P199,RodgersCrkCN2005,38.26369145138889,-122.50342627166667,P199_RTCM3,132.239.152.4,2102,RTCM 3.3,GNSS,1-2
P200,SonomaCrk_CN2005,38.239830725000004,-122.45168993277778,P200_RTCM3,132.239.152.4,2102,RTCM 3.3,GNSS,1-2
P201,MarkWstQryCN2008,38.559805023888885,-122.65842162055556,P201_RTCM3,132.239.152.4,2102,RTCM 3.3,GNSS,1-2
P203,Mayacmas__CN2007,38.866111333333336,-122.91699242638889,P203_RTCM3,132.239.152.4,2102,RTCM 3.3,GNSS,1-2
P205,LkPilsburyCN2007,39.398121941111114,-122.96305179861112,P205_RTCM3,132.239.152.4,2102,RTCM 3.3,GNSS,1-2
P206,CrazyCreekCN2006,38.77781570361111,-122.57578037138889,P206_RTCM3,132.239.152.4,2102,RTCM 3.3,GNSS,1-2
P208,SaltCanyonCN2006,39.10929933388889,-122.30385580972222,P208_RTCM3,132.239.152.4,2102,RTCM 3.3,GNSS,1-2
P261,HunterHillCN2004,38.15295858472222,-122.21752630944445,P261_RTCM3,132.239.152.4,2102,RTCM 3.3,GNSS,1-2
P263,AngwinObs_CN2008,38.57769272583334,-122.42916302972223,P263_RTCM3,132.239.152.4,2102,RTCM 3.3,GNSS,1-2
P264,Capell_Valley_CA,38.44421270833333,-122.19531687722223,P264_RTCM3,132.239.152.4,2102,RTCM 3.3,GNSS,1-2
P266,LilHonker_CN2005,38.18396578222222,-121.84351348999999,P266_RTCM3,132.239.152.4,2102,RTCM 3.3,GNSS,1-2
P267,DixonAviatCN2005,38.38033305305556,-121.82322130138888,P267_RTCM3,132.239.152.4,2102,RTCM 3.3,GNSS,1-2
P271,Woodland1_CN2004,38.65734780333333,-121.71453666055555,P271_RTCM3,132.239.152.4,2102,RTCM 3.3,GNSS,1-2
P272,SycamorSlgCN2005,39.14547905194444,-121.94304915666667,P272_RTCM3,132.239.152.4,2102,RTCM 3.4,GNSS,1-2
P274,SnodgraSlgCN2005,38.283120752777776,-121.46049923527778,P274_RTCM3,132.239.152.4,2102,RTCM 3.4,GNSS,1-2
P275,KenefikRchCN2006,38.32152654027778,-121.21457320194445,P275_RTCM3,132.239.152.4,2102,RTCM 3.3,GNSS,1-2
P276,LDoradoHilCN2005,38.64530521444444,-121.0951520411111,P276_RTCM3,132.239.152.4,2102,RTCM 3.3,GNSS,1-2
P312,SmithRidgeCN2006,39.529178691388886,-123.69836350166668,P312_RTCM3,132.239.152.4,2102,RTCM 3.3,GPS+GLONASS,1-2
P313,BuchaRidgeCN2006,39.55428810833333,-123.5645335986111,P313_RTCM3,132.239.152.4,2102,RTCM 3.3,GPS+GLONASS,1-2
P314,CahtoPeak_CN2004,39.68566334305555,-123.58183708305555,P314_RTCM3,132.239.152.4,2102,RTCM 3.3,GNSS,1-2
P315,LeggettSchCN2005,39.86358251138889,-123.71688493777778,P315_RTCM3,132.239.152.4,2102,RTCM 3.3,GNSS,1-2
P318,WillitsAirCN2006,39.452368033888895,-123.37184138416666,P318_RTCM3,132.239.152.4,2102,RTCM 3.3,GNSS,1-2
P319,HogHoleRdgCN2004,39.707094893333334,-123.29506660138888,P319_RTCM3,132.239.152.4,2102,RTCM 3.3,GNSS,1-2
P320,EmandalFrmCN2008,39.492825430277776,-123.18677296,P320_RTCM3,132.239.152.4,2102,RTCM 3.3,GNSS,1-2
P322,LightnCampCN2008,39.962141628055555,-123.18246786416667,P322_RTCM3,132.239.152.4,2103,RTCM 3.3,GNSS,1-2
P324,BlocksburgCN2006,40.256836405,-123.65572345361112,P324_RTCM3,132.239.152.4,2102,RTCM 3.3,GNSS,1-2
P325,SchoolHousCN2006,41.151668105,-123.88259089416665,P325_RTCM3,132.239.152.4,2102,RTCM 3.3,GNSS,1-2
P329,StewartRchCN2007,40.082212813888894,-123.45203293361111,P329_RTCM3,132.239.152.4,2102,RTCM 3.3,GNSS,1-2
P332,HayforkAirCN2005,40.546648104999996,-123.17448977583334,P332_RTCM3,132.239.152.4,2102,RTCM 3.3,GNSS,1-2
P333,BaldMtnMNFCN2007,39.62137880888889,-122.97574048055556,P333_RTCM3,132.239.152.4,2102,RTCM 3.3,GNSS,1-2
P334,Sheetiron_CN2007,39.493589568611114,-122.73585811888888,P334_RTCM3,132.239.152.4,2102,RTCM 3.3,GNSS,1-2
P335,BlackButteCN2008,39.726187525,-122.87362353222221,P335_RTCM3,132.239.152.4,2102,RTCM 3.3,GNSS,1-2
P336,HubbardRdgCN2007,39.52807751333333,-122.4304702138889,P336_RTCM3,132.239.152.4,2102,RTCM 3.3,GPS+GLONASS,1-2
P338,WeavrvlAirCN2005,40.747550528611114,-122.9230142013889,P338_RTCM3,132.239.152.4,2102,RTCM 3.3,GNSS,1-2
P339,Valentine_CN2007,40.03410814666667,-122.66823588194445,P339_RTCM3,132.239.152.4,2102,RTCM 3.3,GNSS,1-2
P341,WhiskytownCN2005,40.65065362138889,-122.60688604916666,P341_RTCM3,132.239.152.4,2102,RTCM 3.3,GNSS,1-2
P343,ChinaPeak_CN2007,40.887125830277775,-123.334195375,P343_RTCM3,132.239.152.4,2102,RTCM 3.3,GNSS,1-2
P344,VinaHelitkCN2006,39.92912049638888,-122.0279580725,P344_RTCM3,132.239.152.4,2102,RTCM 3.3,GNSS,1-2
P349,WonderlandCN2005,40.73108280694445,-122.31933691361111,P349_RTCM3,132.239.152.4,2102,RTCM 3.3,GNSS,1-2
P370,AshlandAirOR2005,42.190984255555556,-122.65635585722222,P370_RTCM3,132.239.152.4,2102,RTCM 3.3,GNSS,1-2
P657,SHWestSideCN2007,41.38123640916667,-122.29383339722222,P657_RTCM3,132.239.152.4,2102,RTCM 3.3,GNSS,1-2
P672,LavaBedsNMCN2005,41.711567029444446,-121.506923005,P672_RTCM3,132.239.152.4,2102,RTCM 3.3,GNSS,1-2
P734,Brookings_OR2007,42.07663283722223,-124.29324021333333,P734_RTCM3,132.239.152.4,2102,RTCM 3.3,GNSS,1-2
P784,YorkMn040gCN2008,41.830812898888894,-122.4204406838889,P784_RTCM3,132.239.152.4,2102,RTCM 3.3,GNSS,1-2
P786,GasquetAirCN2008,41.845482627222225,-123.98077346222222,P786_RTCM3,132.239.152.4,2102,RTCM 3.3,GNSS,1-2
PTSG,PTSG_PNGA_CN1999,41.78273937833333,-124.25518288722222,PTSG_RTCM3,132.239.152.4,2102,RTCM 3.3,GNSS,1-2
TRND,TRND_PNGA_CN1999,41.05388501555555,-124.15085008666668,TRND_RTCM3,132.239.152.4,2102,RTCM 3.3,GNSS,1-2
VCVL,Vacaville_CA2012,38.39452824194444,-121.94692704500001,VCVL_RTCM3,132.239.152.4,2102,RTCM 3.3,GNSS,1-2
P060,PollardFltCN2005,40.99762954472222,-122.41486979611112,P060_RTCM3,132.239.152.4,2102,RTCM 3.3,GPS,1-2
P141,BunkerhillCN2006,39.046629968333335,-120.38557054972223,P141_RTCM3,132.239.152.4,2102,RTCM 3.3,GNSS,1-2
P148,GoatMtn___CN2006,40.418585056111105,-120.8059471875,P148_RTCM3,132.239.152.4,2102,RTCM 3.3,GNSS,1-2
P151,SierraArmyCN2008,40.28889837277777,-120.07724936555555,P151_RTCM3,132.239.152.4,2102,RTCM 3.3,GPS,1-2
P156,GibsonRdg_CN2006,40.02444264222222,-123.9061049563889,P156_RTCM3,132.239.152.4,2102,RTCM 3.3,GNSS,1-2
P161,OswaldPropCN2005,40.6373623425,-124.21306936305555,P161_RTCM3,132.239.152.4,2102,RTCM 3.3,GNSS,1-2
P164,PrattMtn__CN2004,40.119255161666665,-123.69332728138889,P164_RTCM3,132.239.152.4,2102,RTCM 3.3,GNSS,1-2
P184,Greenwood_CN2007,39.117165891944445,-123.70892641166667,P184_RTCM3,132.239.152.4,2102,RTCM 3.3,GNSS,1-2
P186,HolmesRch_CN2007,39.15017881888889,-123.51814074138889,P186_RTCM3,132.239.152.4,2102,RTCM 3.3,GNSS,1-2
P188,BurntRidgeCN2006,38.66785724722222,-123.22955192583333,P188_RTCM3,132.239.152.4,2102,RTCM 3.3,GNSS,1-2
P189,Bradford__CN2005,38.987449122777775,-123.34841738027777,P189_RTCM3,132.239.152.4,2102,RTCM 3.3,GNSS,1-2
P195,WineCreek_CN2007,38.66466548388889,-122.95929586277778,P195_RTCM3,132.239.152.4,2102,RTCM 3.3,GNSS,1-2
P202,NunnsCyn__CN2007,38.42357984861111,-122.49598778305555,P202_RTCM3,132.239.152.4,2102,RTCM 3.3,GNSS,1-2
P204,MaacamaCrkCN2007,38.66649886388889,-122.71052074722222,P204_RTCM3,132.239.152.4,2102,RTCM 3.3,GNSS,1-2
P207,GoatMtnMNFCN2008,39.26004240305556,-122.71855445361112,P207_RTCM3,132.239.152.4,2102,RTCM 3.3,GNSS,1-2
P265,PutahCreekCN2005,38.530183092222224,-121.95418164888889,P265_RTCM3,132.239.152.4,2102,RTCM 3.3,GNSS,1-2
P268,FinchFarmsCN2005,38.473523747222224,-121.64639821583334,P268_RTCM3,132.239.152.4,2102,RTCM 3.3,GNSS,1-2
P270,HopkinSlghCN2005,39.24376735277778,-122.0551998086111,P270_RTCM3,132.239.152.4,2102,RTCM 3.3,GNSS,1-2
P310,AlderRidgeCN2006,38.73560455583333,-120.33432406749999,P310_RTCM3,132.239.152.4,2102,RTCM 3.3,GNSS,1-2
P316,RequaYurokCN2006,41.55913096333333,-124.0861279611111,P316_RTCM3,132.239.152.4,2102,RTCM 3.3,GPS,1-2
P317,AdanacRnchCN2006,39.905668812777776,-123.55183796416667,P317_RTCM3,132.239.152.4,2102,RTCM 3.3,GNSS,1-2
P326,ShowersMtnCN2006,40.57531185222223,-123.69891540111111,P326_RTCM3,132.239.152.4,2102,RTCM 3.3,GNSS,1-2
P327,Dinsmore__CN2008,40.47885831638889,-123.5730498286111,P327_RTCM3,132.239.152.4,2102,RTCM 3.3,GNSS,1-2
P330,RedMtnHeliCN2007,40.32406652527778,-123.13556770694446,P330_RTCM3,132.239.152.4,2102,RTCM 3.3,GNSS,1-2
P331,EagleRock_CN2007,40.73291210888889,-123.32412811083333,P331_RTCM3,132.239.152.4,2102,RTCM 3.3,GPS,1-2
P337,PattymocusCN2007,40.296186371666664,-122.86879079888888,P337_RTCM3,132.239.152.4,2102,RTCM 3.3,GNSS,1-2
P340,DashielCrkCN2008,39.40933649472222,-123.0498095775,P340_RTCM3,132.239.152.4,2102,RTCM 3.3,GPS,1-2
P345,HookerDomeCN2005,40.271231861666664,-122.27079265111111,P345_RTCM3,132.239.152.4,2102,RTCM 3.3,GNSS,1-2
P346,BuzzardRstCN2007,39.794707106388884,-120.86745031,P346_RTCM3,132.239.152.4,2102,RTCM 3.3,GNSS,1-2
P347,AdinCTYardCN2007,41.18334011138889,-120.948447175,P347_RTCM3,132.239.152.4,2102,RTCM 3.3,GNSS,1-2
P348,HatchetMtnCN2005,40.90554295305555,-121.82798879666666,P348_RTCM3,132.239.152.4,2102,RTCM 3.3,GNSS,1-2
P655,EveritHillCN2006,41.29448293,-122.20630711166667,P655_RTCM3,132.239.152.4,2102,RTCM 3.3,GNSS,1-2
P660,SHAshCreekCN2007,41.409588508055556,-122.06766290083333,P660_RTCM3,132.239.152.4,2102,RTCM 3.3,GNSS,1-2
P663,SHWhalebakCN2007,41.531936825277775,-122.1529076875,P663_RTCM3,132.239.152.4,2102,RTCM 3.3,GNSS,1-2
P664,LVMtHelen_CN2007,40.47319330027778,-121.49589053111112,P664_RTCM3,132.239.152.4,2102,RTCM 3.3,GNSS,1-2
P665,LVLoDimondCN2007,40.45612553611112,-121.52574010194445,P665_RTCM3,132.239.152.4,2102,RTCM 3.3,GNSS,1-2
P666,LVBumpass_CN2007,40.465343063611115,-121.51449502111112,P666_RTCM3,132.239.152.4,2102,RTCM 3.3,GNSS,1-2
P667,LVWhite___CN2007,40.465824465555556,-121.46742674527778,P667_RTCM3,132.239.152.4,2102,RTCM 3.3,GNSS,1-2
P668,LVHatLake_CN2007,40.50899079111111,-121.46306303194444,P668_RTCM3,132.239.152.4,2102,RTCM 3.3,GNSS,1-2
P671,SiffordMtnCN2008,40.4091386925,-121.42819451444444,P671_RTCM3,132.239.152.4,2102,RTCM 3.3,GPS+GLONASS,1-2
P674,GlassMtn__CN2006,41.61631924388889,-121.48997114777778,P674_RTCM3,132.239.152.4,2102,RTCM 3.3,GPS,1-2
P730,BallardRdgCN2007,41.35919399833333,-120.82823535666667,P730_RTCM3,132.239.152.4,2102,RTCM 3.3,GNSS,1-2
P731,LilJuniperCN2007,41.33251164833334,-120.47274721222223,P731_RTCM3,132.239.152.4,2102,RTCM 3.3,GNSS,1-2
P793,Dinsmr935gCN2008,40.47875135638889,-123.57311534861111,P793_RTCM3,132.239.152.4,2102,RTCM 3.3,GNSS,1-2
P794,AnthonyPk2CN2009,39.84567714111111,-122.96374271,P794_RTCM3,132.239.152.4,2102,RTCM 3.3,GNSS,1-2
SHIN,SHIN_BRGN_CN1996,40.59167549361111,-120.2250295511111,SHIN_RTCM3,132.239.152.4,2102,RTCM 3.3,GNSS,1-2
P133,BuckleyFltNV2006,38.72459877055556,-118.460198645,P133_RTCM3,132.239.152.4,2102,RTCM 3.3,GNSS,1-2
P090,DRI_Reno__NV2007,39.572800416111114,-119.79983941083333,P090_RTCM3,132.239.152.4,2102,RTCM 3.3,GNSS,1-2
BCUT,Eureka Maintenance Station,40.82849736833334,-124.08259097861111,BCUT_RTCM3,132.239.152.4,2102,RTCM 3.4,GNSS,1-2
PLMO,"Oak Grove, CA - HWY 70 & Palermo Road",39.43326292388889,-121.60455305388888,PLMO_RTCM3,132.239.152.4,2102,RTCM 3.4,GNSS,1-2
BCTY,BUTTECITY - HIGHWAY 162 & LEVEE ROAD,39.457990656111114,-121.99281492666667,BCTY_RTCM3,132.239.152.4,2102,RTCM 3.4,GNSS,1-2
SMS3,"Marysville, CA - HWY 70 & Laurellen Road",39.17420805222222,-121.59081093583333,SMS3_RTCM3,132.239.152.4,2103,RTCM 3.4,GNSS,1-2
TMB2,"Smartsville, CA - HWY 20 & Timbuctoo Road",39.215645936111116,-121.32951929277777,TMB2_RTCM3,132.239.152.4,2103,RTCM 3.4,GNSS,1-2
CHCO,Chico,39.715142444444446,-121.79940278583334,CHCO_RTCM3,132.239.152.4,2102,RTCM 3.4,GNSS,1-2
LCG1,"Demartin Beach HWY101,15 kmS,CrescentCity",41.62656634333334,-124.11260308805555,LCG1_RTCM3,132.239.152.4,2102,RTCM 3.4,GNSS,1-2
MYRS,Meyers - Caltrans Maintenance Center,38.846620774722226,-120.01802770472221,MYRS_RTCM3,132.239.152.4,2102,RTCM 3.4,GNSS,1-2
RASL,Redding - Interstate 5 & Knigton,40.504384505833336,-122.33672693749999,RASL_RTCM3,132.239.152.4,2102,RTCM 3.4,GNSS,1-2
RSVL,Roseville - Interstate 80 & Eureka Road,38.756514352222226,-121.26374914277778,RSVL_RTCM3,132.239.152.4,2102,RTCM 3.4,GNSS,1-2
TLAB,Sacramento - Caltrans Translab,38.556402576388884,-121.43499021694444,TLAB_RTCM3,132.239.152.4,2102,RTCM 3.4,GNSS,1-2
AUB1,HWY 49 & FLORENCE LANE ROUND-ABOUT,38.97832226,-121.10735665,AUB1_RTCM3,132.239.152.4,2102,RTCM 3.4,GNSS,1-2
PTRI,INTERSTATE 80 & HWY 12 INTERCHANGE,38.20867844,-122.15152384000001,PTRI_RTCM3,132.239.152.4,2102,RTCM 3.4,GNSS,1-2
TRH1`,INTERSTATE 80 & HWY 20 INTERCHANGE,39.32461850000001,-120.60111361999999,TRH1_RTCM3,132.239.152.4,2102,RTCM 3.4,GNSS,1-2
TUNA,FORTUNA MAINTENANCE STATION,40.58348917,-124.15663764,TUNA_RTCM3,132.239.152.4,2102,RTCM 3.4,GNSS,1-2
MABY,ForbesRanch_CA2024,38.66384419194444,-122.01744189749999,MABY_RTCM3,132.239.152.4,2103,RTCM 3.4,GNSS,1-2
R108,ReclamationDistrict108_CA20925,38.852941120000004,-121.85088266472222,R108_RTCM3,132.239.152.4,2103,RTCM 3.4,GNSS,1-2
YCFC,YoloCountyFloodControlHQ_CA2024,38.66934139777778,-121.87193358111111,YCFC_RTCM3,132.239.152.4,2103,RTCM 3.4,GNSS,1-2
108W,RD108WCA_2025,38.85055166083333,-121.79357577111111,108W_RTCM3,132.239.152.4,2103,RTCM 3.4,GNSS,1-2
1500,RD1500_CA2025,38.78701689333333,-121.6562012925,1500_RTCM3,132.239.152.4,2103,RTCM 3.4,GNSS,1-2
ARBC,Arbuckle_CA2026,39.00819186611111,-122.08572314888889,ARBC_RTCM3,132.239.152.4,2103,RTCM 3.4,GNSS,1-2
ORLD,Orland_CA2026,39.689651821944445,-122.19481438222222,ORLD_RTCM3,132.239.152.4,2103,RTCM 3.4,GNSS,1-2
PTRH,Potrero Hills,38.20916120638889,-121.94357337333334,PTRH_RTCM3,132.239.152.4,2102,RTCM 3.1,GPS+GLONASS,1-2
HOPL,Hopland,38.99518501833334,-123.07468969499999,HOPL_RTCM3,132.239.152.4,2102,RTCM 3.1,GPS+GLONASS,1-2
ALDR,Alder Springs,39.65467257277778,-122.71610016444444,ALDR_RTCM3,132.239.152.4,2102,RTCM 3.1,GPS+GLONASS,1-2
MODB,Modoc Plateau,41.90232171583333,-120.30281642583333,MODB_RTCM3,132.239.152.4,2102,RTCM 3.1,GPS+GLONASS,1-2
ORVB,Oroville Dam,39.554624617777776,-121.50027773277777,ORVB_RTCM3,132.239.152.4,2102,RTCM 3.1,GPS+GLONASS,1-2
SUTB,Sutter Buttes,39.20583354833334,-121.82058594527777,SUTB_RTCM3,132.239.152.4,2102,RTCM 3.1,GPS+GLONASS,1-2
UCD1,UC-DAVIS Geology,38.536237368888884,-121.75121816861112,UCD1_RTCM3,132.239.152.4,2102,RTCM 3.1,GPS+GLONASS,1-2
WSKY,Whiskeytown Dam,40.58009761500001,-122.54063549583333,WSKY_RTCM3,132.239.152.4,2102,RTCM 3.1,GPS+GLONASS,1-2
YBH2,Yreka Blue Horn,41.73165267611111,-122.71072056722222,YBH2_RTCM3,132.239.152.4,2102,RTCM 3.1,GPS+GLONASS,1-2
